pl_name,hostname,tran_flag,pl_radj,pl_radjerr1,pl_radjerr2,pl_orbper,pl_orbpererr1,pl_orbpererr2,pl_eqt,pl_eqterr1,pl_eqterr2,pl_insol,pl_insolerr1,pl_insolerr2,pl_bmassj,pl_bmassjerr1,pl_bmassjerr2,st_mass,st_masserr1,st_masserr2,st_met,st_meterr1,st_meterr2,st_teff,st_rad,pl_dens
BD-14 3065 b,BD-14 3065 A,1.0,1.926,0.094,-0.094,4.2889731,5.2e-06,-5.2e-06,2001.0,31.0,-31.0,646.761,,,12.37,0.92,-0.87,1.41,0.05,-0.05,-0.34,0.05,-0.05,6935.0,2.35,2.15
CoRoT-1 b,CoRoT-1,1.0,1.49,0.08,-0.08,1.5089557,6.4e-06,-6.4e-06,1898.0,50.0,-50.0,2852.63,,,1.03,0.12,-0.12,0.95,0.15,-0.15,-0.3,0.25,-0.25,5950.0,1.11,0.38
CoRoT-11 b,CoRoT-11,1.0,1.43,0.03,-0.03,2.99433,1.1e-05,-1.1e-05,1657.0,55.0,-55.0,1890.649,,,2.33,0.34,-0.34,1.27,0.05,-0.05,-0.03,0.08,-0.08,6440.0,1.37,0.99
CoRoT-12 b,CoRoT-12,1.0,1.44,0.13,-0.13,2.828042,1.3e-05,-1.3e-05,1442.0,58.0,-58.0,661.1334,,,0.917,0.07,-0.065,1.078,0.077,-0.072,0.16,0.1,-0.1,5675.0,1.116,0.411
CoRoT-13 b,CoRoT-13,1.0,0.885,0.014,-0.014,4.03519,3e-05,-3e-05,1700.0,,,546.5339,,,1.308,0.066,-0.066,1.09,0.02,-0.02,0.01,0.07,-0.07,5945.0,1.01,2.34
CoRoT-18 b,CoRoT-18,1.0,1.31,0.18,-0.18,1.9000693,2.8e-06,-2.8e-06,1550.0,90.0,-90.0,823.7009,,,3.47,0.38,-0.38,0.95,0.15,-0.15,-0.1,0.1,-0.1,5440.0,1.0,2.2
CoRoT-19 b,CoRoT-19,1.0,1.29,0.03,-0.03,3.89713,2e-05,-2e-05,2000.0,150.0,-150.0,1103.809,,,1.11,0.06,-0.06,1.21,0.05,-0.05,-0.02,0.1,-0.1,6090.0,1.65,0.71
CoRoT-2 b,CoRoT-2,1.0,1.466,0.042,-0.044,1.7429935,1e-06,-1e-06,1521.0,18.0,-18.0,932.9076,,,3.47,0.22,-0.22,0.96,0.08,-0.08,0.04,0.05,-0.05,5625.0,0.906,1.47
CoRoT-20 b,CoRoT-20,1.0,0.84,0.04,-0.04,9.24285,0.0003,-0.0003,1024.0,16.0,-16.0,180.8704,,,4.3,0.2,-0.2,1.14,0.08,-0.08,0.14,0.12,-0.12,5880.0,1.02,8.87
CoRoT-4 b,CoRoT-4,1.0,1.19,0.06,-0.05,9.20205,0.00037,-0.00037,1074.0,19.0,-19.0,203.9517,,,0.72,0.08,-0.08,1.16,0.03,-0.02,0.05,0.07,-0.07,6190.0,1.17,0.525
CoRoT-5 b,CoRoT-5,1.0,1.388,0.046,-0.047,4.0378962,1.9e-06,-1.9e-06,1438.0,39.0,-39.0,786.2949,,,0.467,0.047,-0.024,1.0,0.02,-0.02,-0.25,0.06,-0.06,6100.0,1.186,0.217
DS Tuc A b,DS Tuc A,1.0,0.50851994,0.01516638,-0.01516638,8.138268,1.1e-05,-1.1e-05,850.0,,,115.8276,,,1.3,,,1.01,0.06,-0.06,0.0,,,5428.0,0.964,
EPIC 246851721 b,EPIC 246851721,1.0,1.051,0.044,-0.044,6.180235,1.4e-05,-1.4e-05,1401.0,16.0,-16.0,642.0,30.0,-29.0,3.0,1.1,-1.2,1.317,0.041,-0.04,0.141,0.082,-0.085,6202.0,1.586,3.1
HAT-P-1 b,HAT-P-1,1.0,1.319,0.019,-0.019,4.46529976,5.5e-07,-5.5e-07,1322.0,14.0,-15.0,259.687,,,0.525,0.019,-0.019,1.151,0.052,-0.051,0.13,0.008,-0.008,5980.0,1.174,0.282
HAT-P-14 b,HAT-P-14,1.0,1.42,0.12,-0.12,4.62767,5e-06,-5e-06,1624.0,32.0,-32.0,1038.78,,,3.44,0.63,-0.63,2.65,0.73,-0.73,0.11,,,6600.0,1.82,1.56
HAT-P-2 b,HAT-P-2,1.0,0.951,0.039,-0.053,5.6335158,3.6e-06,-3.6e-06,1540.0,30.0,-30.0,588.518,,,9.02,0.1,-0.1,1.33,0.03,-0.03,0.18,,,6380.0,1.39,7.29
HAT-P-20 b,HAT-P-20,1.0,0.867,0.033,-0.033,2.875317,4e-06,-4e-06,970.0,23.0,-23.0,85.1168,,,7.246,0.187,-0.187,0.756,0.028,-0.028,0.35,0.08,-0.08,4595.0,0.694,13.78
HAT-P-21 b,HAT-P-21,1.0,1.11,0.16,-0.16,4.12448,7e-06,-7e-06,1367.0,27.0,-27.0,459.542,,,4.87,1.57,-1.57,1.24,0.6,-0.6,0.01,,,5588.0,1.21,3.633781
HAT-P-22 b,HAT-P-22,1.0,1.15,0.19,-0.19,3.21222,9e-06,-9e-06,1463.0,19.0,-19.0,325.569,,,2.47,0.32,-0.32,1.13,0.22,-0.22,0.24,,,5302.0,1.11,2.14
HAT-P-23 b,HAT-P-23,1.0,1.368,0.09,-0.09,1.212884,2e-06,-2e-06,2056.0,66.0,-66.0,2796.2342,,,2.09,0.111,-0.111,1.13,0.035,-0.035,0.15,0.04,-0.04,5905.0,1.203,1.01
HAT-P-24 b,HAT-P-24,1.0,1.3,0.21,-0.21,3.35524,7e-06,-7e-06,1637.0,42.0,-42.0,1294.929,,,0.75,0.25,-0.25,1.37,0.69,-0.69,-0.16,,,6373.0,1.38,0.44
HAT-P-25 b,HAT-P-25,1.0,1.135,0.048,-0.048,3.65281514,7.6e-07,-7.5e-07,1182.0,25.0,-25.0,325.0,29.0,-26.0,0.569,0.023,-0.022,1.012,0.053,-0.051,0.294,0.08,-0.08,5519.0,0.919,0.483
HAT-P-27 b,HAT-P-27,1.0,1.02,0.07,-0.06,3.039577,5e-06,-6e-06,1091.99,,,336.0384,,,0.62,0.03,-0.03,0.916,0.121408,-0.099904,0.3,0.03,-0.03,5316.0,0.864673,0.76
HAT-P-28 b,HAT-P-28,1.0,1.212,0.113,-0.082,3.257215,7e-06,-7e-06,1384.0,52.0,-52.0,554.7122,,,0.626,0.037,-0.037,1.025,0.047,-0.047,0.12,0.08,-0.08,5680.0,1.103,0.44
HAT-P-29 b,HAT-P-29,1.0,1.17,0.13,-0.13,5.72319,4.9e-05,-4.9e-05,1281.0,23.0,-26.0,433.0,56.0,-48.0,0.88,0.25,-0.25,1.45,0.6,-0.6,0.21,,,6087.0,1.3,0.710842
HAT-P-3 b,HAT-P-3,1.0,0.94,0.07,-0.07,2.8997,5.4e-05,-5.4e-05,1189.0,16.0,-16.0,176.587,,,0.65,0.11,-0.11,1.06,0.28,-0.28,0.27,,,5185.0,0.87,0.855
HAT-P-31 b,HAT-P-31,1.0,1.09,0.15,-0.15,5.00542,9.1e-05,-9.1e-05,1450.0,230.0,-110.0,746.9025,,,2.27,0.84,-0.84,1.31,0.73,-0.73,0.15,,,6065.0,1.39,2.18
HAT-P-32 b,HAT-P-32,1.0,1.98,0.045,-0.045,2.1500082,1.3e-07,-1.3e-07,1835.7,6.8,-6.9,1841.0,31.0,-38.0,0.68,0.11,-0.1,1.132,0.051,-0.05,-0.16,0.08,-0.08,6001.0,1.367,0.108
HAT-P-33 b,HAT-P-33,1.0,1.85,0.49,-0.49,3.47447,1e-06,-1e-06,1782.0,28.0,-28.0,1701.38,,,0.92,0.5,-0.5,1.82,1.45,-1.45,0.05,,,6446.0,1.79,0.2
HAT-P-34 b,HAT-P-34,1.0,1.197,0.13,-0.092,5.452654,1.6e-05,-1.6e-05,1520.0,60.0,-60.0,433.78,,,3.33,0.21,-0.2,1.392,0.047,-0.047,0.22,0.04,-0.04,6442.0,1.53,2.5
HAT-P-35 b,HAT-P-35,1.0,1.332,0.098,-0.098,3.646706,2.1e-05,-2.1e-05,1581.0,45.0,-45.0,999.6688,,,1.056,0.033,-0.033,1.236,0.048,-0.048,0.11,0.08,-0.08,6096.0,1.435,0.55
HAT-P-36 b,HAT-P-36,1.0,1.277,0.02,-0.02,1.32734683,4.8e-07,-4.8e-07,1780.97,18.8,-18.8,1821.0,27.0,-27.0,1.8482,0.087,-0.087,1.03,0.03,-0.03,0.25,0.09,-0.09,5620.0,1.041,1.175
HAT-P-37 b,HAT-P-37,1.0,1.178,0.077,-0.077,2.797436,7e-06,-7e-06,1271.0,47.0,-47.0,412.3914,,,1.169,0.103,-0.103,0.929,0.043,-0.043,0.03,0.1,-0.1,5500.0,0.877,0.89
HAT-P-39 b,HAT-P-39,1.0,1.571,0.108,-0.081,3.54387,5e-06,-5e-06,1752.0,43.0,-43.0,1915.6934,,,0.599,0.099,-0.099,1.404,0.051,-0.51,0.19,0.1,-0.1,6430.0,1.625,0.19
HAT-P-4 b,HAT-P-4,1.0,1.274,0.049,-0.06,3.056536,,,1686.0,30.0,-26.0,1438.0,,,0.671,0.033,-0.044,1.248,0.07,-0.12,0.24,0.08,-0.08,5860.0,1.596,0.403
HAT-P-40 b,HAT-P-40,1.0,1.52,0.17,-0.17,4.45724,1e-05,-1e-05,1770.0,33.0,-33.0,1747.4151,,,0.48,0.13,-0.13,1.03,0.4,-0.4,0.22,,,6080.0,1.94,0.15
HAT-P-41 b,HAT-P-41,1.0,2.05,0.5,-0.5,2.69405,4e-06,-4e-06,1941.0,38.0,-38.0,2485.0721,,,1.19,0.6,-0.6,2.56,1.9,-1.9,0.21,,,6390.0,2.05,0.204
HAT-P-42 b,HAT-P-42,1.0,1.28,0.153,-0.153,4.641878,3.2e-05,-3.2e-05,1428.0,60.0,-60.0,684.0973,,,1.044,0.083,-0.083,1.178,0.068,-0.068,0.27,0.08,-0.08,5743.0,1.53,0.61
HAT-P-43 b,HAT-P-43,1.0,1.21598925,0.05709707,-0.05620493,3.3326414,1.51e-05,-1.53e-05,1353.0,16.0,-16.0,521.877,,,0.662,0.06,-0.06,1.03,0.04,-0.04,0.2,0.07,-0.07,5693.0,1.08,0.39
HAT-P-44 b,HAT-P-44,1.0,1.242,0.106,-0.051,4.301219,1.9e-05,-1.9e-05,1108.0,51.0,-32.0,185.119,,,0.352,0.029,-0.029,0.942,0.041,-0.041,0.33,0.1,-0.1,5295.0,0.949,0.23
HAT-P-45 b,HAT-P-45,1.0,1.426,0.175,-0.087,3.128992,2.1e-05,-2.1e-05,1652.0,90.0,-52.0,1052.239,,,0.892,0.137,-0.099,1.259,0.058,-0.058,0.07,0.1,-0.1,6330.0,1.319,0.38
HAT-P-46 b,HAT-P-46,1.0,1.284,0.271,-0.133,4.463129,4.8e-05,-4.8e-05,1458.0,140.0,-75.0,1405.4798,,,0.493,0.082,-0.052,1.284,0.095,-0.06,0.3,0.1,-0.1,6120.0,1.396,0.28
HAT-P-49 b,HAT-P-49,1.0,1.59,0.18,-0.18,2.69155,6e-06,-6e-06,2131.0,69.0,-42.0,4392.03,,,2.2,0.59,-0.59,2.22,0.83,-0.83,0.07,,,6820.0,2.06,0.75
HAT-P-5 b,HAT-P-5,1.0,1.21,0.1,-0.1,2.78849,2.5e-05,-2.5e-05,1517.0,29.0,-29.0,850.6754,,,0.98,0.2,-0.2,1.04,0.29,-0.29,0.24,,,5960.0,1.12,0.668403
HAT-P-50 b,HAT-P-50,1.0,1.288,0.064,-0.064,3.1220109,6.5e-06,-6.5e-06,1862.0,34.0,-34.0,2108.4362,,,1.35,0.073,-0.073,1.273,0.049,-0.115,-0.18,0.08,-0.08,6280.0,1.698,0.78
HAT-P-51 b,HAT-P-51,1.0,1.205,0.017,-0.016,4.21802091,6.6e-07,-6.6e-07,1168.2,6.9,-7.0,310.0,7.3,-7.3,0.307,0.021,-0.02,0.961,0.04,-0.036,0.302,0.052,-0.059,5453.0,0.995,0.218
HAT-P-52 b,HAT-P-52,1.0,1.009,0.072,-0.072,2.7535953,9.4e-06,-9.4e-06,1218.0,37.0,-37.0,227.759,,,0.818,0.029,-0.029,0.887,0.027,-0.027,0.28,0.08,-0.08,5131.0,0.893,0.98
HAT-P-53 b,HAT-P-53,1.0,1.318,0.091,-0.091,1.9616241,3.9e-06,-3.9e-06,1778.0,48.0,-48.0,1400.0226,,,1.484,0.056,-0.056,1.093,0.043,-0.043,0.0,0.08,-0.08,5956.0,1.209,0.8
HAT-P-54 b,HAT-P-54,1.0,0.944,0.028,-0.028,3.799847,1.4e-05,-1.4e-05,818.0,12.0,-12.0,88.6713,,,0.76,0.032,-0.032,0.645,0.02,-0.02,-0.127,0.08,-0.08,4390.0,0.617,1.118
HAT-P-55 b,HAT-P-55,1.0,1.324,0.023,-0.022,3.5852313,5.1e-07,-5.1e-07,1367.0,11.0,-11.0,583.0,18.0,-18.0,0.596,0.073,-0.072,1.028,0.05,-0.048,0.003,0.049,-0.032,5804.0,1.105,0.318
HAT-P-56 b,HAT-P-56,1.0,1.51,0.11,-0.11,2.79083,5e-06,-5e-06,1840.0,21.0,-21.0,3515.0,1732.0,-1732.0,2.31,0.44,-0.44,1.42,0.33,-0.33,0.0,,,6566.0,1.47,0.75
HAT-P-57 b,HAT-P-57,1.0,1.74,0.36,-0.36,2.4653,3e-06,-3e-06,2200.0,76.0,-76.0,2726.6328,,,1.41,1.52,-1.52,2.77,1.74,-1.74,-0.25,,,6330.0,1.85,0.332
HAT-P-58 b,HAT-P-58,1.0,1.332,0.043,-0.043,4.0138379,2.4e-06,-2.4e-06,1622.0,18.0,-18.0,1146.0,50.0,-50.0,0.372,0.03,-0.03,1.031,0.028,-0.028,-0.224,0.057,-0.057,6078.0,1.53,0.194
HAT-P-59 b,HAT-P-59,1.0,1.123,0.013,-0.013,4.1419771,1.2e-06,-1.2e-06,1277.8,6.5,-6.5,441.4,8.9,-8.9,1.54,0.067,-0.067,1.008,0.022,-0.022,0.217,0.049,-0.049,5678.0,1.1038,1.347
HAT-P-6 b,HAT-P-6,1.0,1.48,0.15,-0.15,3.85298,5e-06,-5e-06,1675.0,32.0,-31.0,1099.44,,,1.32,0.3,-0.3,1.79,0.6,-0.6,-0.13,,,6570.0,1.62,0.558
HAT-P-60 b,HAT-P-60,1.0,1.631,0.024,-0.024,4.7947813,2.4e-06,-2.4e-06,1772.0,12.0,-12.0,1634.0,45.0,-45.0,0.574,0.038,-0.038,1.435,0.012,-0.012,0.037,0.037,-0.037,6212.0,2.197,0.164
HAT-P-61 b,HAT-P-61,1.0,0.899,0.027,-0.027,1.90231289,7.7e-07,-7.7e-07,1505.0,16.0,-16.0,849.5,35.2,-35.2,1.057,0.07,-0.07,1.004,0.033,-0.033,0.194,0.06,-0.06,5587.0,0.938,1.8
HAT-P-62 b,HAT-P-62,1.0,1.073,0.029,-0.029,2.6453235,3.9e-06,-3.9e-06,1512.0,13.0,-13.0,867.2,30.0,-30.0,0.761,0.088,-0.088,1.023,0.02,-0.02,0.414,0.09,-0.09,5629.0,1.17,0.77
HAT-P-63 b,HAT-P-63,1.0,1.119,0.033,-0.033,3.377728,1.3e-05,-1.3e-05,1237.0,11.0,-11.0,387.4,13.4,-13.4,0.614,0.024,-0.024,0.925,0.023,-0.023,0.251,0.061,-0.061,5400.0,0.9661,0.54
HAT-P-64 b,HAT-P-64,1.0,1.703,0.07,-0.07,4.007232,1.7e-06,-1.7e-06,1766.0,22.0,-16.0,1611.0,78.0,-59.0,0.58,0.18,-0.13,1.298,0.021,-0.021,-0.113,0.027,-0.056,6457.0,1.735,0.144
HAT-P-65 b,HAT-P-65,1.0,1.611,0.024,-0.024,2.60544751,5e-07,-4.9e-07,1818.0,13.0,-13.0,1821.0,52.0,-51.0,0.554,0.092,-0.091,1.297,0.056,-0.053,0.208,0.05,-0.055,5872.0,1.666,0.164
HAT-P-66 b,HAT-P-66,1.0,1.59,0.16,-0.1,2.972086,5.7e-06,-5.7e-06,1896.0,66.0,-42.0,1939.51,,,0.783,0.057,-0.057,1.255,0.107,-0.054,0.035,0.08,-0.08,6002.0,1.881,0.242
HAT-P-67 b,HAT-P-67,1.0,2.14,0.025,-0.025,4.8101069,7e-07,-6.8e-07,1903.0,25.0,-25.0,2029.17,,,0.45,0.15,-0.15,1.73,0.1,-0.1,0.14,0.14,-0.12,6640.0,2.62,0.061
HAT-P-68 b,HAT-P-68,1.0,1.072,0.012,-0.012,2.29840551,5.2e-07,-5.2e-07,1027.8,8.2,-8.2,184.8,5.9,-5.9,0.724,0.043,-0.043,0.6785,0.0299,-0.0079,-0.059,0.036,-0.036,4508.0,0.6701,0.727
HAT-P-69 b,HAT-P-69,1.0,1.676,0.051,-0.033,4.7869491,1.8e-06,-2.1e-06,1930.0,80.0,-230.0,2320.18,,,3.58,0.58,-0.58,1.648,0.058,-0.026,-0.069,0.058,-0.075,7394.0,1.926,1.02
HAT-P-7 b,HAT-P-7,1.0,1.51,0.21,-0.21,2.20474,1.7e-05,-1.7e-05,2733.0,21.0,-21.0,4353.408,95.909,-93.804,1.84,0.53,-0.53,1.56,0.68,-0.68,0.26,,,6389.0,2.0,0.712
HAT-P-70 b,HAT-P-70,1.0,1.87,0.15,-0.1,2.74432452,7.9e-07,-6.8e-07,2562.0,43.0,-52.0,5405.6,,,6.78,,,1.89,0.01,-0.013,-0.059,0.075,-0.088,8450.0,1.858,1.54
HAT-P-8 b,HAT-P-8,1.0,1.4,0.13,-0.13,3.07634,4e-06,-4e-06,1713.0,27.0,-27.0,1519.9645,,,1.28,0.27,-0.27,1.27,0.41,-0.41,0.01,,,6200.0,1.57,0.685644
HAT-P-9 b,HAT-P-9,1.0,1.393,0.067,-0.065,3.92281072,1.02e-06,-1.02e-06,1540.0,32.0,-30.0,931.0,73.0,-69.0,0.749,0.064,-0.063,1.281,0.057,-0.056,0.12,0.2,-0.2,6350.0,1.338,0.342
HATS-1 b,HATS-1,1.0,1.302,0.162,-0.098,3.446459,4e-06,-4e-06,1359.0,89.0,-59.0,489.9461,,,1.855,0.262,-0.196,0.986,0.054,-0.054,-0.06,0.12,-0.12,5870.0,1.038,1.03
HATS-10 b,HATS-10,1.0,0.969,0.061,-0.045,3.312846,5.8e-06,-5.8e-06,1407.0,39.0,-39.0,836.8558,,,0.526,0.081,-0.081,1.101,0.054,-0.054,0.15,0.1,-0.1,5880.0,1.105,0.7
HATS-11 b,HATS-11,1.0,1.60852886,0.0642341,-0.0642341,3.619188,2.8e-05,-2.9e-05,1596.0,95.0,-94.0,1027.296,,,0.83,0.1,-0.1,1.33,0.09,-0.09,0.03,0.16,-0.16,6563.0,1.54,0.315
HATS-12 b,HATS-12,1.0,0.69230083,0.04193059,-0.04193059,3.142702,5.3e-05,-5.3e-05,1446.0,47.0,-47.0,566.4817,,,2.39,0.087,-0.087,1.16,0.04,-0.04,-0.1,0.05,-0.05,6357.0,1.17,1.12
HATS-13 b,HATS-13,1.0,1.212,0.035,-0.035,3.0440499,2.7e-06,-2.7e-06,1244.0,20.0,-20.0,315.9878,,,0.543,0.072,-0.072,0.962,0.029,-0.029,0.05,0.06,-0.06,5523.0,0.887,0.377
HATS-14 b,HATS-14,1.0,1.039,0.032,-0.022,2.7667641,2.7e-06,-2.7e-06,1276.0,20.0,-20.0,505.884,,,1.071,0.07,-0.07,0.967,0.024,-0.024,0.33,0.06,-0.06,5346.0,0.933,1.191
HATS-15 b,HATS-15,1.0,1.105,0.04,-0.04,1.74748753,9.4e-07,-9.4e-07,1505.0,30.0,-30.0,2201.3363,,,2.17,0.15,-0.15,0.871,0.023,-0.023,0.0,0.05,-0.05,5311.0,0.922,1.97
HATS-16 b,HATS-16,1.0,1.3,0.15,-0.15,2.686502,1.1e-05,-1.1e-05,1592.0,61.0,-82.0,994.8095,,,3.27,0.19,-0.19,0.97,0.035,-0.035,-0.1,0.05,-0.05,5738.0,1.238,1.86
HATS-18 b,HATS-18,1.0,1.329,0.075,-0.075,0.83784,4.7e-07,-4.7e-07,2069.48,45.0,-45.0,2990.0,350.0,-350.0,1.9795,0.076,-0.076,1.037,0.047,-0.047,0.28,0.08,-0.08,5600.0,1.02,1.1169
HATS-2 b,HATS-2,1.0,1.122,0.024,-0.024,1.35413379,8e-08,-8e-08,1550.0,29.0,-29.0,950.0563,,,1.37,0.16,-0.16,0.904,0.052,-0.052,0.15,0.05,-0.05,5227.0,0.876,1.20684
HATS-22 b,HATS-22,1.0,0.953,0.048,-0.029,4.7228124,5.2e-06,-5.2e-06,858.0,24.0,-17.0,111.299,,,2.74,0.11,-0.11,0.759,0.019,-0.019,0.0,0.04,-0.04,4803.0,0.689,3.89
HATS-24 b,HATS-24,1.0,1.395,0.057,-0.057,1.3484978,9e-07,-9e-07,2166.0,53.0,-53.0,2706.9606,,,2.26,0.17,-0.17,1.07,0.032,-0.046,-0.229,0.058,-0.058,6125.0,1.12,1.03
HATS-25 b,HATS-25,1.0,1.26,0.1,-0.1,4.2986432,4.5e-06,-4.5e-06,1277.0,42.0,-42.0,454.8721,,,0.613,0.042,-0.042,0.994,0.035,-0.035,0.02,0.05,-0.05,5715.0,1.107,0.38
HATS-26 b,HATS-26,1.0,1.75,0.21,-0.21,3.3023881,7.6e-06,-7.6e-06,1918.0,61.0,-61.0,2236.5716,,,0.65,0.076,-0.076,1.299,0.113,-0.056,-0.02,0.05,-0.05,6071.0,2.04,0.153
HATS-27 b,HATS-27,1.0,1.5,0.2,-0.11,4.637038,1.4e-05,-1.4e-05,1659.0,66.0,-46.0,1342.5733,,,0.53,0.13,-0.13,1.415,0.048,-0.048,0.09,0.04,-0.04,6438.0,1.74,0.18
HATS-29 b,HATS-29,1.0,1.251,0.061,-0.061,4.6058749,6.3e-06,-6.3e-06,1212.0,30.0,-30.0,356.0,93.0,-87.0,0.653,0.063,-0.063,1.032,0.049,-0.049,0.16,0.08,-0.08,5670.0,1.073,0.411
HATS-3 b,HATS-3,1.0,1.381,0.035,-0.035,3.547851,5e-06,-5e-06,1648.0,24.0,-24.0,1212.0044,,,1.071,0.136,-0.136,1.209,0.036,-0.036,-0.157,0.07,-0.07,6351.0,1.404,0.51
HATS-30 b,HATS-30,1.0,1.175,0.052,-0.052,3.1743516,2.6e-06,-2.6e-06,1414.0,32.0,-32.0,718.9097,,,0.706,0.039,-0.039,1.093,0.031,-0.031,0.06,0.05,-0.05,5943.0,1.061,0.543
HATS-31 b,HATS-31,1.0,1.64,0.22,-0.22,3.37796,1.2e-05,-1.2e-05,1823.0,81.0,-81.0,1619.406,,,0.88,0.12,-0.12,1.275,0.096,-0.096,0.0,0.07,-0.07,6050.0,1.87,0.243
HATS-32 b,HATS-32,1.0,1.249,0.144,-0.096,2.8126548,5.5e-06,-5.5e-06,1437.0,58.0,-58.0,614.5934,,,0.92,0.1,-0.1,1.099,0.044,-0.044,0.39,0.05,-0.05,5700.0,1.097,0.58
HATS-33 b,HATS-33,1.0,1.23,0.112,-0.081,2.5495551,6.1e-06,-6.1e-06,1429.0,38.0,-38.0,757.1284,,,1.192,0.053,-0.053,1.062,0.032,-0.032,0.29,0.05,-0.05,5659.0,1.022,0.79
HATS-34 b,HATS-34,1.0,1.43,0.19,-0.19,2.1061607,4.7e-06,-4.7e-06,1445.0,42.0,-42.0,691.8428,,,0.941,0.072,-0.072,0.955,0.031,-0.031,0.25,0.07,-0.07,5380.0,0.98,0.4
HATS-35 b,HATS-35,1.0,1.464,0.069,-0.044,1.8209993,1.6e-06,-1.6e-06,2037.0,43.0,-43.0,2440.7,,,1.222,0.078,-0.078,1.317,0.04,-0.04,0.21,0.06,-0.06,6300.0,1.433,0.484
HATS-36 b,HATS-36,1.0,1.1526452,0.03390133,-0.03390133,4.175186,3.3e-05,-3.3e-05,1203.0,25.0,-24.0,561.0,51.0,-51.0,3.216,0.062,-0.062,1.1,0.04,-0.04,0.15,0.06,-0.06,5950.0,1.1,2.12
HATS-39 b,HATS-39,1.0,1.57,0.12,-0.12,4.5776348,7.3e-06,-7.3e-06,1645.0,43.0,-43.0,1547.1014,,,0.63,0.13,-0.13,1.379,0.04,-0.04,0.0,0.044,-0.044,6572.0,1.621,0.202
HATS-4 b,HATS-4,1.0,1.02,0.037,-0.037,2.516729,2e-06,-2e-06,1315.0,21.0,-21.0,558.828,,,1.323,0.028,-0.028,1.001,0.02,-0.02,0.43,0.08,-0.08,5403.0,0.925,1.55
HATS-40 b,HATS-40,1.0,1.58,0.16,-0.12,3.2642736,5.8e-06,-5.8e-06,2101.0,69.0,-69.0,3163.3762,,,1.59,0.24,-0.24,1.561,0.069,-0.069,0.01,0.077,-0.077,6460.0,2.26,0.49
HATS-41 b,HATS-41,1.0,1.33,0.29,-0.2,4.193649,1.3e-05,-1.3e-05,1710.0,170.0,-120.0,1300.3125,,,9.7,1.6,-1.6,1.496,0.115,-0.078,0.47,0.041,-0.041,6424.0,1.71,5.1
HATS-42 b,HATS-42,1.0,1.4,0.25,-0.14,2.292102,2.1e-06,-2.1e-06,1856.0,105.0,-76.0,1637.2058,,,1.88,0.15,-0.15,1.273,0.067,-0.067,0.22,0.07,-0.07,6060.0,1.48,0.83
HATS-44 b,HATS-44,1.0,1.067,0.125,-0.071,2.7439004,3.2e-06,-3.2e-06,1161.0,34.0,-34.0,306.417,,,0.56,0.11,-0.11,0.86,0.021,-0.021,0.32,0.071,-0.071,5080.0,0.847,0.56
HATS-45 b,HATS-45,1.0,1.286,0.093,-0.093,4.1876244,5.6e-06,-5.6e-06,1518.0,45.0,-45.0,811.3504,,,0.7,0.15,-0.15,1.272,0.048,-0.048,0.02,0.068,-0.068,6450.0,1.315,0.41
HATS-47 b,HATS-47,1.0,1.117,0.014,-0.014,3.9228038,2.2e-06,-2.2e-06,852.9,4.7,-4.7,87.73,1.94,-1.9,0.369,0.031,-0.021,0.674,0.016,-0.012,-0.113,0.035,-0.035,4512.0,0.6564,0.331
HATS-49 b,HATS-49,1.0,0.765,0.013,-0.013,4.1480467,3.7e-06,-3.7e-06,834.8,3.6,-3.6,80.45,1.37,-1.34,0.353,0.038,-0.027,0.7133,0.0075,-0.0075,0.208,0.053,-0.053,4405.0,0.6977,0.986
HATS-52 b,HATS-52,1.0,1.382,0.086,-0.086,1.36665436,9.4e-07,-9.4e-07,1834.0,73.0,-73.0,1310.22,,,2.24,0.15,-0.15,1.111,0.054,-0.054,-0.2843,0.0814,-0.0814,6010.0,1.046,1.06
HATS-54 b,HATS-54,1.0,1.015,0.024,-0.024,2.5441765,2.4e-06,-2.4e-06,1429.0,24.0,-24.0,476.965,,,0.753,0.057,-0.057,1.05,0.05,-0.05,0.37,0.07,-0.07,5621.0,1.23,0.77
HATS-55 b,HATS-55,1.0,1.251,0.026,-0.026,4.2042001,3.3e-06,-3.3e-06,1367.0,10.0,-10.0,355.909,,,0.921,0.076,-0.076,1.1955,0.0091,-0.0119,0.108,0.046,-0.03,6214.0,1.126,0.587
HATS-56 b,HATS-56,1.0,1.688,0.039,-0.055,4.324799,2.7e-05,-2.7e-05,1902.0,16.0,-16.0,1080.87,,,0.602,0.035,-0.035,1.573,0.017,-0.017,0.19,0.024,-0.024,6536.0,2.201,0.155
HATS-57 b,HATS-57,1.0,1.139,0.028,-0.028,2.350621,1.3e-06,-1.3e-06,1413.4,9.7,-9.7,570.233,,,3.147,0.073,-0.073,1.026,0.019,-0.026,0.268,0.043,-0.043,5587.0,0.96,2.65
HATS-59 b,HATS-59,1.0,1.126,0.077,-0.077,5.416081,1.6e-05,-1.6e-05,1128.0,40.0,-40.0,269.0,39.0,-39.0,0.806,0.069,-0.069,1.038,0.039,-0.039,0.18,0.064,-0.064,5670.0,1.036,0.7
HATS-6 b,HATS-6,1.0,0.998,0.019,-0.019,3.3252725,2.1e-06,-2.1e-06,712.8,5.1,-5.1,47.3315,,,0.319,0.07,-0.07,0.574,0.02,-0.027,0.2,0.091,-0.091,3724.0,0.57,0.399
HATS-60 b,HATS-60,1.0,1.153,0.053,-0.053,3.560829,3.2e-05,-3.2e-05,1528.0,11.0,-11.0,903.9,27.5,-26.7,0.662,0.055,-0.055,1.097,0.01,-0.016,0.335,0.028,-0.028,5688.0,1.46,0.537
HATS-61 b,HATS-61,1.0,1.195,0.067,-0.067,7.817953,2.4e-05,-2.4e-05,1226.1,7.3,-7.3,374.2,8.7,-8.5,3.4,0.14,-0.14,1.076,0.014,-0.014,0.247,0.037,-0.037,5542.0,1.664,2.47
HATS-63 b,HATS-63,1.0,1.207,0.039,-0.039,3.0566527,4.9e-06,-4.9e-06,1398.3,9.0,-9.0,634.1,16.3,-15.9,0.96,0.12,-0.12,0.931,0.019,-0.019,0.081,0.038,-0.038,5627.0,1.07,0.67
HATS-64 b,HATS-64,1.0,1.679,0.081,-0.081,4.908897,1.3e-05,-1.3e-05,1793.0,27.0,-27.0,1711.0,106.0,-99.0,0.96,0.2,-0.2,1.564,0.028,-0.028,0.22,0.039,-0.039,6554.0,2.113,0.245
HATS-65 b,HATS-65,1.0,1.501,0.05,-0.05,3.105161,1.6e-06,-1.6e-06,1634.0,18.0,-18.0,1178.0,53.0,-50.0,0.821,0.083,-0.083,1.257,0.028,-0.028,0.199,0.055,-0.055,6277.0,1.31,0.3
HATS-66 b,HATS-66,1.0,1.411,0.084,-0.084,3.1414391,7.4e-06,-7.4e-06,1998.0,21.0,-21.0,2637.0,118.0,-113.0,5.33,0.68,-0.68,1.411,0.022,-0.022,-0.017,0.043,-0.043,6626.0,1.841,2.34
HATS-67 b,HATS-67,1.0,1.685,0.047,-0.047,1.6091788,4e-06,-4e-06,2193.0,22.0,-22.0,3821.0,153.0,-147.0,1.45,0.12,-0.12,1.435,0.021,-0.021,0.332,0.052,-0.052,6594.0,1.441,0.374
HATS-68 b,HATS-68,1.0,1.232,0.039,-0.029,3.5862202,4.7e-06,-4.7e-06,1741.0,12.0,-12.0,1521.0,43.0,-41.0,1.29,0.059,-0.059,1.351,0.014,-0.014,0.21,0.043,-0.043,6147.0,1.748,0.856
HATS-69 b,HATS-69,1.0,0.945,0.022,-0.022,2.2252577,1.9e-06,-1.9e-06,1295.7,6.9,-6.9,466.6,10.0,-9.8,0.577,,,0.892,0.011,-0.016,0.377,0.034,-0.034,5137.0,0.8785,0.46
HATS-70 b,HATS-70,1.0,1.384,0.079,-0.074,1.8882378,1.5e-06,-1.5e-06,2730.0,140.0,-160.0,9110.0,170.0,-170.0,12.9,1.8,-1.6,1.78,0.12,-0.12,0.041,0.095,-0.107,7930.0,1.881,6.64
HATS-71 b,HATS-71,1.0,1.024,0.018,-0.018,3.7955202,1e-06,-1e-06,586.8,2.3,-2.3,18.0832,,,0.37,0.24,-0.24,0.4861,0.006,-0.006,0.17,0.036,-0.036,3405.0,0.4783,0.42
HATS-74 A b,HATS-74 A,1.0,1.032,0.021,-0.021,1.73185606,5.5e-07,-5.5e-07,895.1,5.7,-5.7,106.9,2.709,-2.709,1.46,0.14,-0.14,0.601,0.008,-0.008,0.514,0.033,-0.021,3776.9,0.5758,1.64
HATS-75 b,HATS-75,1.0,0.884,0.013,-0.013,2.7886556,1.1e-06,-1.1e-06,772.3,2.3,-2.3,59.26,0.6959,-0.6959,0.491,0.039,-0.039,0.6017,0.0074,-0.0055,0.522,0.051,-0.028,3790.4,0.5848,0.878
HATS-76 b,HATS-76,1.0,1.079,0.031,-0.031,1.9416423,1.4e-06,-1.4e-06,939.8,6.7,-6.7,129.8,3.585,-3.585,2.629,0.089,-0.089,0.662,0.016,-0.021,0.322,0.065,-0.049,4016.0,0.6259,2.58
HATS-77 b,HATS-77,1.0,1.165,0.021,-0.021,3.0876262,1.6e-06,-1.6e-06,828.3,5.9,-5.9,78.37,2.165,-2.165,1.374,0.1,-0.074,0.655,0.014,-0.014,0.253,0.039,-0.039,4071.0,0.6428,1.077
HATS-9 b,HATS-9,1.0,1.23561424,0.03122491,-0.03122491,1.915291,1.9e-05,-1.8e-05,1746.0,36.0,-36.0,2292.0839,,,0.837,0.029,-0.029,1.1,0.05,-0.05,0.38,0.05,-0.05,5599.0,1.56,0.626
HD 118203 b,HD 118203,1.0,1.14,0.029,-0.029,6.1349779,2e-06,-2e-06,1361.0,23.0,-22.0,593.4,8.2,-8.2,2.14,0.12,-0.12,1.27,0.028,-0.032,0.287,0.069,-0.111,5742.0,2.04,1.79
HD 149026 b,HD 149026,1.0,0.74,0.02,-0.02,2.87589,2e-06,-2e-06,1626.0,69.0,-37.0,1095.91,,,0.38,0.06,-0.06,1.42,0.33,-0.33,0.32,,,6179.0,1.41,0.75
HD 189733 b,HD 189733,1.0,1.13,0.01,-0.01,2.21857567,1.5e-07,-1.5e-07,1209.0,11.0,-11.0,356.0,13.0,-12.0,1.13,0.08,-0.08,0.79,0.08,-0.08,-0.02,,,5052.0,0.75,0.943
HD 202772 A b,HD 202772 A,1.0,1.545,0.052,-0.06,3.308958,8.3e-05,-8.3e-05,2132.0,28.0,-30.0,3440.0,184.0,-191.0,1.017,0.07,-0.068,1.72,0.064,-0.066,0.3,0.06,-0.06,6272.0,2.591,0.343
HD 209458 b,HD 209458,1.0,1.39,0.02,-0.02,3.52474859,3.8e-07,-3.8e-07,1459.0,12.0,-12.0,587.098,,,0.73,0.04,-0.04,1.23,0.09,-0.09,0.01,,,6091.0,1.19,0.362
HD 2685 b,HD 2685,1.0,1.44,0.05,-0.05,4.12688,5e-05,-4e-05,2061.0,28.0,-28.0,1436.49,,,1.17,0.12,-0.12,1.43,0.05,-0.04,0.02,0.06,-0.06,6801.0,1.56,0.486
HIP 65 A b,HIP 65 A,1.0,2.03,0.61,-0.49,0.9809734,3.1e-06,-3.1e-06,1411.0,15.0,-15.0,661.0,28.0,-29.0,3.213,0.078,-0.078,0.781,0.027,-0.027,0.18,0.08,-0.08,4590.0,0.7242,0.48
HIP 94235 b,HIP 94235,1.0,0.26764253,0.02854854,-0.02497997,7.713057,2.1e-05,-2.1e-05,1060.0,50.0,-50.0,219.2841,,,1.19246736,,,1.094,0.024,-0.007,0.0,,,5991.0,1.08,
K2-113 b,K2-113,1.0,1.08305826,0.03122491,-0.03122491,5.817685,4.1e-05,-4.1e-05,1098.0,23.0,-23.0,277.39,,,1.29,0.13,-0.14,1.04,0.04,-0.04,0.27,0.06,-0.06,5660.0,1.24,1.97
K2-132 b,K2-132,1.0,1.3,0.07,-0.07,9.1751,0.0023,-0.0027,1586.0,10.0,-10.0,293.374,,,0.49,0.06,-0.06,1.08,0.08,-0.08,-0.01,0.08,-0.08,4840.0,3.85,0.277
K2-140 b,K2-140,1.0,1.21,0.09,-0.09,6.569188,3.1e-05,-3.1e-05,962.0,28.0,-28.0,204.0,10.0,-10.0,0.93,0.04,-0.04,0.96,0.06,-0.04,0.1,0.1,-0.1,5585.0,1.06,0.66
K2-22 b,K2-22,1.0,0.20519261,0.00892142,-0.00892142,0.381073,2.4e-05,-2.4e-05,2100.0,,,114.0,45.0,-45.0,1.4,,,0.595292,0.059529,-0.059529,0.032,0.12,-0.12,3879.0,0.58,
K2-237 b,K2-237,1.0,1.433,0.056,-0.049,2.18053332,5.4e-07,-5.4e-07,1759.0,49.0,-42.0,1860.0,210.0,-180.0,1.366,0.11,-0.092,1.256,0.055,-0.062,0.337,0.076,-0.076,6180.0,1.236,0.577
K2-260 b,K2-260,1.0,1.643,0.058,-0.073,2.62669762,6.6e-07,-6.6e-07,2090.0,35.0,-39.0,2520.03,,,1.72,0.34,-0.35,1.637,0.065,-0.069,0.334,0.052,-0.061,6860.0,1.755,0.48
K2-29 b,K2-29,1.0,1.19,0.02,-0.02,3.2588321,1.9e-06,-1.9e-06,1171.0,10.0,-10.0,293.0,30.0,-30.0,0.73,0.04,-0.04,0.94,0.02,-0.02,0.16,0.03,-0.03,5358.0,0.86,0.53
K2-295 b,K2-295,1.0,0.897,0.011,-0.005,4.024867,1.5e-05,-1.5e-05,852.0,14.0,-6.0,97.8595,,,0.335,0.062,-0.062,0.74,0.04,-0.04,0.14,0.12,-0.12,4444.0,0.7,0.612
K2-30 b,K2-30,1.0,1.039,0.05,-0.051,4.098503,1.1e-05,-1.1e-05,1092.0,19.0,-20.0,299.0,227.0,-227.0,0.579,0.028,-0.027,0.9,0.043,-0.042,-0.15,0.05,-0.05,5425.0,0.844,0.64
K2-31 b,K2-31,1.0,1.06,0.35,-0.35,1.25785,2e-06,-2e-06,1688.0,47.0,-47.0,1272.0,121.0,-121.0,1.774,0.079,-0.079,0.91,0.06,-0.06,0.08,0.05,-0.05,5280.0,0.78,0.032
K2-34 b,K2-34,1.0,1.22669495,0.05174422,-0.05263637,2.9956348,2e-07,-2e-07,1687.0,24.0,-25.0,963.566,,,1.698,0.061,-0.05,1.16,0.04,-0.04,0.01,0.03,-0.04,6168.0,1.42,0.94
K2-60 b,K2-60,1.0,0.683,0.037,-0.037,3.00265,4e-05,-4e-05,1400.0,50.0,-50.0,1212.0,265.0,-265.0,0.426,0.037,-0.037,0.97,0.07,-0.07,0.01,0.11,-0.11,5500.0,1.12,1.7
K2-77 b,K2-77,1.0,0.223,0.015,-0.011,8.2000844,8.6e-06,-7.3e-06,806.0,18.0,-18.0,58.0,7.0,-7.0,1.9,,,0.847,0.039,-0.038,0.13,0.078,-0.076,5160.0,0.792,
K2-97 b,K2-97,1.0,1.2,0.11,-0.11,8.407115,2.3e-05,-2.3e-05,1566.0,49.0,-50.0,114.149,,,0.549,0.059,-0.046,1.17,0.19,-0.13,0.328,0.079,-0.081,4673.0,4.14,0.392
KELT-10 b,KELT-10,1.0,1.399,0.069,-0.049,4.1662739,6.3e-06,-6.3e-06,1377.0,28.0,-23.0,600.0,50.0,-40.0,0.679,0.039,-0.038,1.112,0.055,-0.061,0.09,0.11,-0.1,5948.0,1.209,0.308
KELT-12 b,KELT-12,1.0,1.78,0.17,-0.16,5.031623,3.2e-05,-3.1e-05,1800.0,57.0,-57.0,1749.0,235.0,-213.0,0.95,0.14,-0.14,1.591,0.07,-0.093,0.19,0.084,-0.085,6279.0,2.37,0.209
KELT-14 b,KELT-14,1.0,1.743,0.047,-0.047,1.7100566,3.2e-06,-2.6e-06,1970.0,50.0,-50.0,826.113,,,1.284,0.032,-0.032,1.239,0.039,-0.039,0.32,0.09,-0.09,5720.0,1.52,0.322
KELT-15 b,KELT-15,1.0,1.74,0.2,-0.2,3.32944,1.6e-05,-1.6e-05,1642.0,45.0,-25.0,1612.7618,,,1.31,0.43,-0.43,2.06,0.75,-0.75,0.05,,,6003.0,1.78,0.36
KELT-16 b,KELT-16,1.0,1.415,0.084,-0.067,0.9689951,2.4e-06,-2.4e-06,2453.0,55.0,-47.0,6992.0328,,,2.75,0.16,-0.15,1.211,0.043,-0.046,-0.002,0.086,-0.085,6236.0,1.36,1.2
KELT-17 b,KELT-17,1.0,1.525,0.065,-0.06,3.0801716,5.3e-06,-5.2e-06,2087.0,32.0,-33.0,3331.8707,,,1.31,0.28,-0.29,1.635,0.066,-0.061,-0.018,0.074,-0.072,7454.0,1.645,0.46
KELT-18 b,KELT-18,1.0,1.57,0.042,-0.036,2.8717518,2.8e-06,-2.8e-06,2085.0,39.0,-38.0,3152.0,242.0,-220.0,1.18,0.11,-0.11,1.524,0.069,-0.068,0.09,0.13,-0.13,6670.0,1.908,0.377
KELT-19 A b,KELT-19 A,1.0,1.91,0.11,-0.11,4.6117093,8.8e-06,-8.8e-06,1935.0,38.0,-38.0,2340.0,184.0,-184.0,4.07,,,1.62,0.25,-0.2,-0.12,0.51,-0.51,7500.0,1.83,0.744
KELT-2 A b,KELT-2 A,1.0,1.35,0.08,-0.08,4.11379,1e-05,-1e-05,2080.0,,,3108.45,,,1.7,0.22,-0.22,1.54,0.28,-0.28,0.0,,,6327.0,1.93,0.91
KELT-20 b,KELT-20,1.0,1.741,0.069,-0.074,3.4741085,1.9e-06,-1.9e-06,2262.0,73.0,-73.0,4362.5,595.2,-536.4,3.382,,,1.76,0.14,-0.19,-0.29,0.22,-0.36,8720.0,1.565,0.806
KELT-21 b,KELT-21,1.0,1.586,0.039,-0.04,3.6127647,3.3e-06,-3.3e-06,2051.0,29.0,-30.0,2950.0,169.0,-169.0,3.91,,,1.458,0.029,-0.028,-0.405,0.032,-0.033,7598.0,1.638,1.24
KELT-23 A b,KELT-23 A,1.0,1.323,0.025,-0.025,2.255251,1.1e-05,-1.2e-05,1561.0,20.0,-20.0,991.183,51.433,-49.229,0.938,0.048,-0.044,0.944,0.06,-0.054,-0.105,0.078,-0.077,5899.0,0.996,0.503
KELT-24 b,KELT-24,1.0,1.134,0.027,-0.026,5.55149296,5e-07,-5.3e-07,1391.0,22.0,-23.0,624.0,40.0,-40.0,4.59,0.18,-0.18,1.268,0.063,-0.063,0.138,0.086,-0.082,6426.0,1.338,3.9
KELT-4 A b,KELT-4 A,1.0,1.699,0.046,-0.045,2.9895932,4.9e-06,-4.9e-06,1823.0,27.0,-27.0,1840.0,110.0,-110.0,0.902,0.06,-0.059,1.201,0.067,-0.061,-0.116,0.065,-0.069,6206.0,1.603,0.228
KELT-6 b,KELT-6,1.0,1.3,0.09,-0.09,7.8457,0.0002,-0.0002,1313.0,59.0,-38.0,718.188,,,0.52,0.12,-0.12,1.42,0.46,-0.46,-0.28,,,6102.0,1.73,0.27
KELT-7 b,KELT-7,1.0,1.6,0.06,-0.06,2.73477,4e-06,-4e-06,2048.0,27.0,-27.0,1775.39,,,1.39,0.22,-0.22,1.76,0.25,-0.25,0.0,,,6768.0,1.81,0.442
KELT-8 b,KELT-8,1.0,1.62,0.1,-0.1,3.24406,0.00016,-0.00016,1675.0,61.0,-55.0,983.3098,,,0.66,0.12,-0.12,0.81,0.21,-0.21,0.27,,,5754.0,1.46,0.167
KELT-9 b,KELT-9,1.0,1.891,0.061,-0.053,1.4811235,1.1e-06,-1.1e-06,4050.0,180.0,-180.0,44900.0,8100.0,-7200.0,2.88,0.84,-0.84,2.52,0.25,-0.2,-0.03,0.2,-0.2,10170.0,2.362,0.53
KOI-13 b,KOI-13,1.0,1.512,0.035,-0.035,1.763588,1e-06,-1e-06,2550.0,80.0,-80.0,25339.901,3035.304,-2595.939,9.28,0.16,-0.16,1.72,0.1,-0.1,0.2,0.2,-0.2,7650.0,1.74,3.6
KOI-4777.01,KOI-4777,1.0,0.04549923,0.00267643,-0.00267643,0.412,1e-06,-1e-06,1180.0,20.0,-20.0,320.0,20.0,-20.0,0.3121181,,,0.41,0.02,-0.02,0.1,0.1,-0.1,3515.0,0.4,
KPS-1 b,KPS-1,1.0,1.03,0.13,-0.12,1.706291,5.9e-05,-5.9e-05,1459.0,56.0,-56.0,729.0,130.0,-110.0,1.09,0.086,-0.087,0.892,0.09,-0.1,0.22,0.13,-0.13,5165.0,0.907,1.31
Kepler-12 b,Kepler-12,1.0,1.754,0.031,-0.036,4.4379629,6e-07,-6e-07,1480.0,30.0,-30.0,877.539,27.195,-26.259,0.432,0.053,-0.051,1.166,0.051,-0.054,0.07,0.04,-0.04,5947.0,1.483,0.11
Kepler-14 b,Kepler-14,1.0,1.136,0.073,-0.054,6.790123,4.3e-06,-4.3e-06,1605.0,39.0,-39.0,1029.51,123.31,-112.71,8.4,0.35,-0.34,1.512,0.043,-0.043,0.12,0.06,-0.06,6395.0,2.048,7.1
Kepler-15 b,Kepler-15,1.0,0.96,0.06,-0.07,4.942782,1.3e-06,-1.3e-06,1251.0,27.0,-27.0,430.677,17.375,-16.681,0.66,0.08,-0.09,1.018,0.044,-0.052,0.36,0.07,-0.07,5515.0,0.992,0.93
Kepler-17 b,Kepler-17,1.0,1.31,0.02,-0.02,1.4857108,2e-07,-2e-07,1570.0,200.0,-200.0,1481.766,54.343,-52.415,2.45,0.11,-0.11,1.04,,,0.26,0.1,-0.1,5781.0,1.01034,1.35
Kepler-176 b,Kepler-176,1.0,0.128,0.065,-0.065,5.433074,2.4e-05,-2.4e-05,841.0,,,123.802,4.001,-3.853,0.91413163,,,0.86,0.016,-0.024,0.13,0.04,-0.04,5232.0,0.891,179.0
Kepler-203 c,Kepler-203,1.0,0.22,0.042,-0.042,5.370647,8e-06,-8e-06,1096.0,,,329.788,12.287,-11.812,2.36,1.319,-1.085,1.06,0.022,-0.036,0.08,0.04,-0.04,5821.0,1.114,273.0
Kepler-238 b,Kepler-238,1.0,0.154,0.036,-0.036,2.090876,2e-05,-2e-05,1642.0,,,2500.588,231.349,-207.679,10.39875583,,,1.229,0.035,-0.062,0.34,0.04,-0.04,5751.0,1.43,526.0
Kepler-238 c,Kepler-238,1.0,0.213,0.04,-0.04,6.155557,5e-05,-5e-05,1146.0,,,592.298,54.798,-49.192,0.47988788,,,1.229,0.035,-0.062,0.34,0.04,-0.04,5751.0,1.43,3.2
Kepler-24 d,Kepler-24,1.0,0.149,0.035,-0.035,4.244384,5.3e-05,-5.3e-05,1305.0,,,601.895,40.744,-37.687,0.92489845,,,1.046,0.035,-0.034,-0.0708,0.0137,-0.0137,5897.0,1.289,152.0
Kepler-240 c,Kepler-240,1.0,0.196,0.079,-0.079,7.953528,2.5e-05,-2.5e-05,696.0,,,59.838,3.745,-3.494,0.322,0.136,-0.124,0.868,0.017,-0.019,0.41,0.04,-0.04,4985.0,0.739,52.8
Kepler-245 b,Kepler-245,1.0,0.229,0.016,-0.016,7.49019,1.9e-05,-1.9e-05,753.0,,,77.749,6.15,-5.642,0.46182153,,,0.856,0.02,-0.026,0.12,0.04,-0.04,5100.0,0.795,0.12
Kepler-245 e,Kepler-245,1.0,0.15612454,0.00713712,-0.00535284,3.219821056,4.735e-06,-4.735e-06,998.0,,,240.151,18.996,-17.428,5.68344415,,,0.86,0.03,-0.032,0.05,0.106,-0.098,5174.0,0.8,902.0
Kepler-272 c,Kepler-272,1.0,0.16,0.086,-0.086,6.057342,3.7e-05,-3.7e-05,947.0,,,310.76,12.701,-12.161,0.308,0.175,-0.107,0.91,0.014,-0.011,0.04,0.04,-0.04,5297.0,0.929,93.7
Kepler-317 b,Kepler-317,1.0,0.186,0.086,-0.086,5.524242,2.7e-05,-2.7e-05,976.0,,,151.652,10.962,-10.183,0.345,0.357,-0.302,0.865,0.064,-0.032,0.13,0.152,-0.144,5497.0,0.941,66.1
Kepler-32 b,Kepler-32,1.0,0.196,0.018,-0.018,5.90124,0.0001,-0.0001,514.0,,,22.025,2.26,-2.082,4.1,,,0.58,0.05,-0.05,0.0,0.4,-0.4,3900.0,0.53,0.46
Kepler-32 c,Kepler-32,1.0,0.178,0.018,-0.018,8.7522,0.0003,-0.0003,451.0,,,10.68,1.16,-0.61,0.5,,,0.58,0.05,-0.05,0.0,0.4,-0.4,3900.0,0.53,0.33
Kepler-32 f,Kepler-32,1.0,0.0731555,0.00624498,-0.00624498,0.74296,7e-05,-7e-05,1026.0,,,349.645,35.879,-33.046,3.04953232,,,0.58,0.05,-0.05,0.0,0.4,-0.4,3900.0,0.53,1.5
Kepler-324 b,Kepler-324,1.0,0.102,0.01,-0.01,4.385315,2.5e-05,-2.5e-05,935.0,,,194.34,5.325,-5.202,7.59655193,,,0.901,0.017,-0.027,0.18,0.04,-0.04,5194.0,0.84,3.0
Kepler-391 b,Kepler-391,1.0,0.22303545,0.02587211,-0.02587211,7.4175,0.0027,-0.0037,930.0,37.0,-140.0,690.0,390.0,-410.0,3.46098705,,,1.27,0.081,-0.081,0.04,0.02,-0.02,5038.0,2.879,380.0
Kepler-40 b,Kepler-40,1.0,1.17,0.04,-0.04,6.87349,0.00064,-0.00064,1620.0,30.0,-30.0,1187.965,139.556,-120.65,2.2,0.4,-0.4,1.48,0.06,-0.06,0.1,0.15,-0.1,6510.0,2.13,1.68
Kepler-41 b,Kepler-41,1.0,1.29,0.02,-0.02,1.8555582,5.2e-07,-5.2e-07,1790.0,31.0,-31.0,2036.749,117.262,-109.892,0.56,0.08,-0.08,1.15,0.04,-0.04,0.38,0.11,-0.11,5750.0,1.29,0.33
Kepler-412 b,Kepler-412,1.0,1.341,0.044,-0.046,1.7208604,3e-07,-3e-07,1850.0,30.0,-30.0,2144.307,98.659,-94.03,0.941,0.125,-0.019,1.167,0.091,-0.091,0.27,0.12,-0.12,5750.0,1.287,0.52
Kepler-415 b,Kepler-415,1.0,0.108,0.012,-0.009,4.176,,,694.0,,,69.834,3.937,-3.705,0.377,0.321,-0.275,0.67,,,0.01,0.14,-0.141,4362.0,0.643,372.0
Kepler-422 b,Kepler-422,1.0,1.15,0.11,-0.11,7.8914483,5e-07,-5.1e-07,1028.0,,,264.983,5.551,-5.443,0.43,0.13,-0.13,1.15,0.06,-0.06,0.23,0.09,-0.09,5972.0,1.24,0.38
Kepler-423 b,Kepler-423,1.0,1.192,0.052,-0.052,2.6843285,7e-08,-7e-08,1605.0,120.0,-120.0,649.148,29.111,-27.823,0.595,0.081,-0.081,0.85,0.04,-0.04,-0.1,0.05,-0.05,5560.0,0.95,0.459
Kepler-424 b,Kepler-424,1.0,0.89,0.08,-0.06,3.3118644,3.9e-07,-3.9e-07,1116.0,,,470.754,16.741,-16.162,1.03,0.13,-0.13,1.01,0.054,-0.054,0.44,0.14,-0.14,5460.0,0.94,1.94
Kepler-426 b,Kepler-426,1.0,1.09,0.03,-0.03,3.21751883,1.9e-07,-1.9e-07,1300.0,20.0,-20.0,410.723,18.58,-17.686,0.34,0.08,-0.08,0.91,0.06,-0.06,-0.21,0.08,-0.08,5725.0,0.92,0.26
Kepler-428 b,Kepler-428,1.0,1.08,0.03,-0.03,3.52563254,1.5e-07,-1.5e-07,1070.0,25.0,-25.0,195.088,10.853,-10.212,1.27,0.19,-0.19,0.87,0.05,-0.05,0.09,0.17,-0.17,5150.0,0.8,1.02
Kepler-43 b,Kepler-43,1.0,1.219,0.065,-0.064,3.0240949,6e-07,-6e-07,1620.0,40.0,-40.0,1138.115,46.311,-44.15,3.23,0.26,-0.26,1.32,0.09,-0.09,0.33,0.11,-0.11,6041.0,1.42,5.0
Kepler-433 b,Kepler-433,1.0,1.45,0.16,-0.16,5.33408384,1.1e-06,-1.1e-06,1776.0,87.0,-87.0,1682.66,148.216,-133.034,2.82,0.52,-0.52,1.46,0.17,-0.17,-0.01,0.2,-0.2,6360.0,2.26,1.13
Kepler-435 b,Kepler-435,1.0,1.99,0.18,-0.18,8.6001536,1.8e-06,-1.8e-06,1729.0,70.0,-70.0,677.917,37.259,-35.074,0.84,0.15,-0.15,1.538,0.088,-0.088,-0.18,0.11,-0.11,6161.0,3.21,0.131
Kepler-44 b,Kepler-44,1.0,1.09,0.07,-0.07,3.2467293,3e-06,-3e-06,1544.0,47.0,-47.0,1109.223,76.823,-70.746,1.0,0.1,-0.1,1.12,0.08,-0.08,0.15,0.1,-0.1,5800.0,1.35,0.93
Kepler-447 b,Kepler-447,1.0,1.65,0.59,-0.56,7.79430132,1.82e-06,-1.82e-06,882.0,,,119.039,2.565,-2.521,1.37,0.48,-0.46,1.0,0.21,-0.21,0.07,0.05,-0.05,5493.0,1.05,0.4
Kepler-45 b,Kepler-45,1.0,0.96,0.11,-0.11,2.455239,4e-06,-4e-06,1000.0,20.0,-20.0,68.37,1.67,-1.3,0.505,0.09,-0.09,0.59,0.06,-0.06,0.28,0.14,-0.14,3820.0,0.55,0.8
Kepler-49 d,Kepler-49,1.0,0.143,0.006,-0.006,2.576549,3e-06,-3e-06,717.0,,,64.39,5.83,-3.94,0.7424824,,,0.549,0.009,-0.009,0.03,0.092,-0.071,4252.0,0.559,20.0
Kepler-5 b,Kepler-5,1.0,1.426,0.036,-0.051,3.5484657,7e-07,-7e-07,1750.0,20.0,-20.0,1822.758,84.853,-80.473,2.111,0.067,-0.086,1.374,0.04,-0.059,0.04,0.06,-0.06,6297.0,1.793,0.4
Kepler-52 b,Kepler-52,1.0,0.187,,,7.8773565,3.8e-05,-3.8e-05,553.0,,,22.72,0.663,-0.647,0.4247575,,,0.54,,,0.0,0.116,-0.092,4075.0,0.52,3.35
Kepler-553 b,Kepler-553,1.0,0.423,0.016,-0.011,4.030467,1.8e-06,-1.8e-06,1089.0,19.0,-19.0,235.0,16.0,-15.0,0.365,,,0.889,0.046,-0.036,0.152,0.058,-0.058,5191.0,0.902,
Kepler-58 e,Kepler-58,1.0,0.14363483,0.04639137,-0.01962712,4.45814897,2.897e-05,-2.897e-05,1212.0,,,511.6,502.96,-182.45,1.88087656,,,1.017,0.167,-0.125,-0.12,0.25,-0.3,6100.0,1.083,131.0
Kepler-6 b,Kepler-6,1.0,1.304,0.018,-0.033,3.2346996,4e-07,-4e-07,1460.0,10.0,-10.0,792.218,19.729,-19.131,0.668,0.038,-0.035,1.209,0.044,-0.038,0.34,0.04,-0.04,5647.0,1.391,0.4
Kepler-63 b,Kepler-63,1.0,0.545,0.018,-0.018,9.4341505,1e-06,-1e-06,791.0,,,100.371,2.273,-2.234,0.378,,,0.984,0.035,-0.04,0.05,0.08,-0.08,5576.0,0.901,3.0
Kepler-7 b,Kepler-7,1.0,1.622,0.013,-0.013,4.8854892,9e-07,-9e-07,1630.0,10.0,-10.0,1375.11,66.524,-63.037,0.441,0.043,-0.042,1.359,0.031,-0.031,0.11,0.03,-0.03,5933.0,1.966,0.14
Kepler-74 b,Kepler-74,1.0,0.96,0.02,-0.02,7.340711,6e-06,-6e-06,1078.0,19.0,-19.0,337.682,19.844,-18.593,0.63,0.12,-0.12,1.18,0.04,-0.04,0.42,0.11,-0.11,6000.0,1.12,0.88
Kepler-75 b,Kepler-75,1.0,1.05,0.03,-0.03,8.8849116,3.4e-06,-3.4e-06,767.0,16.0,-16.0,106.484,5.684,-5.335,10.1,0.4,-0.4,0.91,0.04,-0.04,0.3,0.12,-0.12,5200.0,0.89,11.0
Kepler-76 b,Kepler-76,1.0,1.36,0.12,-0.12,1.5449298,4e-07,-4e-07,2140.0,40.0,-40.0,3583.673,115.384,-112.024,2.01,0.37,-0.35,1.2,0.2,-0.2,-0.1,0.2,-0.2,6409.0,1.32,1.1
Kepler-77 b,Kepler-77,1.0,0.96,0.016,-0.016,3.57878087,2.3e-07,-2.3e-07,1440.0,100.0,-120.0,432.871,12.054,-11.717,0.43,0.032,-0.032,0.95,0.04,-0.04,0.2,0.05,-0.05,5520.0,0.99,0.603
Kepler-8 b,Kepler-8,1.0,1.416,0.053,-0.062,3.5224991,7e-07,-7e-07,1680.0,40.0,-40.0,1444.881,46.995,-45.419,0.59,0.13,-0.12,1.213,0.067,-0.062,-0.055,0.03,-0.03,6213.0,1.486,0.27
Kepler-82 d,Kepler-82,1.0,0.158,0.024,-0.024,2.382961,5e-06,-5e-06,1253.0,,,484.351,32.85,-30.551,2.78482974,,,0.946,0.017,-0.024,0.2107,0.0137,-0.0137,5428.0,0.945,220.0
Kepler-82 e,Kepler-82,1.0,0.22,0.033,-0.033,5.902206,1.2e-05,-1.2e-05,926.0,,,144.337,9.789,-9.104,0.7992363,,,0.946,0.017,-0.024,0.2107,0.0137,-0.0137,5428.0,0.945,0.54
Kepler-91 b,Kepler-91,1.0,1.367,0.069,-0.06,6.24658,8e-05,-8e-05,2040.0,50.0,-50.0,3273.324,222.239,-204.957,0.81,0.18,-0.17,1.31,0.1,-0.1,0.11,0.07,-0.07,4550.0,6.3,0.4
MASCARA-1 b,MASCARA-1,1.0,1.597,0.018,-0.019,2.14877381,8.8e-07,-8.7e-07,2594.3,1.6,-1.5,38711.5,,,3.7,0.9,-0.9,1.9,0.063,-0.068,0.15,0.15,-0.15,7490.0,2.082,1.5
MASCARA-4 b,MASCARA-4,1.0,1.515,0.044,-0.044,2.8240932,4.6e-06,-4.6e-06,2250.0,62.0,-62.0,4913.69,,,1.675,0.241,-0.241,1.75,0.05,-0.05,0.0,,,7800.0,1.79,0.481
NGTS-1 b,NGTS-1,1.0,1.33,0.61,-0.33,2.647298,2e-05,-2e-05,790.0,20.0,-20.0,65.3,5.1,-5.1,0.812,0.066,-0.075,0.617,0.023,-0.062,0.0,,,3916.0,0.573,0.42
NGTS-13 b,NGTS-13,1.0,1.142,0.046,-0.046,4.119027,2.3e-05,-2.3e-05,1605.0,30.0,-30.0,1096.0,90.0,-90.0,4.84,0.44,-0.44,1.3,0.11,-0.18,0.25,0.17,-0.17,5819.0,1.788,4.02
NGTS-15 b,NGTS-15,1.0,1.1,0.1,-0.1,3.27623,1e-05,-1e-05,1146.0,47.0,-47.0,425.0,98.0,-98.0,0.751,0.102,-0.088,0.995,0.025,-0.025,0.15,0.1,-0.1,5600.0,0.954,0.74
NGTS-16 b,NGTS-16,1.0,1.3,0.13,-0.12,4.84532,2e-05,-2e-05,1177.0,59.0,-59.0,480.0,115.0,-115.0,0.667,0.157,-0.129,1.002,0.031,-0.031,0.35,0.1,-0.1,5550.0,1.213,0.38
NGTS-17 b,NGTS-17,1.0,1.24,0.11,-0.11,3.24253,1e-05,-1e-05,1457.0,50.0,-50.0,1160.0,250.0,-250.0,0.764,0.195,-0.164,1.025,0.034,-0.033,0.15,0.1,-0.1,5650.0,1.337,0.5
NGTS-18 b,NGTS-18,1.0,1.21,0.18,-0.18,3.05125,1e-05,-1e-05,1381.0,55.0,-53.0,845.0,270.0,-270.0,0.409,0.081,-0.063,1.003,0.03,-0.025,0.15,0.1,-0.1,5610.0,1.392,0.28
NGTS-2 b,NGTS-2,1.0,1.595,0.047,-0.045,4.511164,6.1e-05,-6.1e-05,1468.0,45.0,-42.0,1085.35,,,0.74,0.13,-0.12,1.64,0.19,-0.22,-0.06,0.09,-0.09,6478.0,1.702,0.226
NGTS-21 b,NGTS-21,1.0,1.33,0.03,-0.03,1.5433897,1.6e-06,-1.6e-06,1357.0,15.0,-15.0,514.2853,,,2.36,0.21,-0.21,0.72,0.04,-0.04,-0.26,0.07,-0.07,4660.0,0.86,1.25
NGTS-24 b,NGTS-24,1.0,1.214,0.058,-0.062,3.4678796,7e-06,-7e-06,1499.0,41.0,-36.0,391.83,,,0.52,0.12,-0.11,1.26,0.05,-0.21,0.27,0.18,-0.03,5820.0,1.64,0.36
NGTS-27 b,NGTS-27,1.0,1.396,0.038,-0.035,3.3704181,5.9e-06,-5.7e-06,1783.0,104.0,-88.0,1680.0,390.0,-330.0,0.593,0.095,-0.072,1.07,0.06,-0.06,0.0,0.08,-0.08,5700.0,1.77,0.266
NGTS-3 A b,NGTS-3 A,1.0,1.48,0.37,-0.37,1.6753728,3e-06,-3e-06,1434.44,,,1000.5679,,,2.38,0.26,-0.26,1.017,0.093,-0.093,0.12,0.15,-0.15,5600.0,0.93,0.31
NGTS-31 b,NGTS-31,1.0,1.61,0.16,-0.16,4.162734,4e-06,-4e-06,1410.0,20.0,-20.0,643.0,29.0,-26.0,1.12,0.12,-0.12,0.96,0.11,-0.05,0.0,0.04,-0.04,5710.0,1.7,0.3
NGTS-32 b,NGTS-32,1.0,1.42,0.03,-0.03,3.31211,2e-05,-2e-05,1750.0,20.0,-20.0,1554.0,72.0,-71.0,0.57,0.05,-0.05,1.07,0.06,-0.04,-0.03,0.04,-0.04,5680.0,1.85,0.24
NGTS-33 b,NGTS-33,1.0,1.64,0.07,-0.07,2.827972,1e-06,-1e-06,1991.0,21.0,-21.0,2620.0,1120.0,-1120.0,3.63,0.27,-0.27,1.6,0.11,-0.11,-0.11,0.17,-0.17,7437.0,1.47,0.19
NGTS-6 b,NGTS-6,1.0,1.326,0.097,-0.112,0.882059,8e-07,-8e-07,1283.9,12.49,-12.14,983.4246,,,1.339,0.028,-0.028,0.767,0.025,-0.025,0.11,0.09,-0.09,4730.0,0.754,0.711
NGTS-8 b,NGTS-8,1.0,1.09,0.03,-0.03,2.4997,1e-05,-1e-05,1345.0,19.0,-19.0,503.0,33.0,-33.0,0.93,0.04,-0.03,0.89,0.05,-0.04,0.24,0.09,-0.09,5241.0,0.98,0.89
NGTS-9 b,NGTS-9,1.0,1.07,0.06,-0.06,4.43527,2e-05,-2e-05,1448.0,36.0,-36.0,729.0,80.0,-80.0,2.9,0.17,-0.17,1.34,0.05,-0.05,0.31,0.15,-0.15,6330.0,1.38,2.93
OGLE-TR-113 b,OGLE-TR-113,1.0,1.093,0.028,-0.019,1.4324752,,,1342.0,22.0,-22.0,528.4147,,,1.26,0.16,-0.16,0.779,0.017,-0.015,0.09,0.08,-0.08,4790.0,0.774,1.2
OGLE2-TR-L9 b,OGLE2-TR-L9,1.0,1.61,0.04,-0.04,2.4855335,7e-07,-7e-07,2034.0,22.0,-22.0,4135.3642,,,4.5,1.5,-1.5,1.52,0.08,-0.08,-0.05,0.2,-0.2,6933.0,1.53,1.25
Qatar-1 b,Qatar-1,1.0,1.143,0.026,-0.025,1.4200242,2.2e-07,-2.2e-07,1418.0,28.0,-27.0,382.328,,,1.294,0.052,-0.049,0.838,0.043,-0.041,0.171,0.097,-0.094,5013.0,0.803,1.076
Qatar-10 b,Qatar-10,1.0,1.543,0.04,-0.04,1.645321,1e-05,-1e-05,1955.0,25.0,-25.0,1816.48,,,0.736,0.09,-0.09,1.156,0.068,-0.068,0.016,0.089,-0.089,6124.0,1.254,0.248
Qatar-3 b,Qatar-3,1.0,1.096,0.14,-0.14,2.5079204,,,1681.0,84.0,-84.0,1330.0,287.0,-287.0,4.31,0.47,-0.47,1.145,0.064,-0.064,-0.041,0.081,-0.081,6007.0,1.272,4.0
Qatar-4 b,Qatar-4,1.0,1.135,0.11,-0.11,1.8053564,,,1385.0,48.0,-48.0,614.0,88.0,-88.0,6.1,0.54,-0.54,0.896,0.048,-0.048,0.103,0.081,-0.081,5215.0,0.849,5.1
Qatar-5 b,Qatar-5,1.0,1.107,0.064,-0.064,2.8792319,,,1415.0,31.0,-31.0,669.0,60.0,-60.0,4.32,0.18,-0.18,1.128,0.056,-0.056,0.377,0.08,-0.08,5747.0,1.076,3.95
Qatar-6 b,Qatar-6,1.0,1.062,0.071,-0.071,3.506195,1.8e-05,-1.8e-05,1006.0,18.0,-18.0,174.9015,,,0.668,0.066,-0.066,0.822,0.021,-0.021,-0.025,0.093,-0.093,5052.0,0.722,0.692
Qatar-7 b,Qatar-7,1.0,1.7,0.03,-0.03,2.032046,9.7e-06,-1.4e-05,2053.0,15.0,-15.0,2886.2922,,,1.88,0.25,-0.25,1.409,0.026,-0.026,0.276,0.071,-0.071,6387.0,1.564,0.502
Qatar-8 b,Qatar-8,1.0,1.285,0.022,-0.022,3.71495,0.001,-0.001,1457.0,14.0,-14.0,698.148,,,0.371,0.062,-0.062,1.029,0.051,-0.051,0.025,0.071,-0.071,5738.0,1.315,0.216
Qatar-9 b,Qatar-9,1.0,1.009,0.014,-0.014,1.540731,3.8e-05,-3.8e-05,1134.0,9.0,-9.0,210.669,,,1.19,0.16,-0.16,0.719,0.024,-0.024,0.252,0.076,-0.076,4309.0,0.696,1.43
TIC 257060897 b,TIC 257060897,1.0,1.54,0.043,-0.045,3.66003639,9.9e-07,-9.8e-07,1775.0,22.0,-25.0,1804.5549,,,0.634,0.041,-0.033,1.187,0.11,-0.058,0.054,0.078,-0.07,5993.0,1.863,0.215
TOI-1107 b,TOI-1107,1.0,1.3,0.05,-0.05,4.0782387,2.4e-06,-2.5e-06,1728.0,27.0,-27.0,532.0,92.0,-93.0,3.35,0.18,-0.18,1.35,0.08,-0.08,-0.1,0.09,-0.09,6311.0,1.81,1.89
TOI-1130 c,TOI-1130,1.0,1.15978431,0.03568567,-0.03568567,8.3501898,9.38e-05,-1e-06,650.0,18.0,-18.0,30.0,2.13,-2.13,1.05717423,0.0062927,-0.01573176,0.745,0.007,-0.009,0.11,0.1,-0.1,4360.0,0.697,0.827042
TOI-1181 b,TOI-1181,1.0,1.519,0.059,-0.059,2.103189,3e-06,-5e-06,1942.12,34.94,-34.15,14140.0,,,1.179,0.023,-0.023,1.467,0.024,-0.024,0.38,0.06,-0.06,6054.0,1.961,0.49
TOI-1194 b,TOI-1194,1.0,0.77764833,0.01386553,-0.01325568,2.3106446,5.4e-07,-5.4e-07,1264.29,19.45,-18.73,203.685,,,0.37756222,0.01761957,-0.01793421,0.9835,0.0298,-0.029,0.348,0.056,-0.058,5394.0,0.9608,0.99
TOI-1259 A b,TOI-1259 A,1.0,1.022,0.03,-0.027,3.477978,1.9e-06,-1.7e-06,963.0,21.0,-21.0,153.1389,,,0.441,0.049,-0.047,0.744,0.064,-0.059,-0.5,0.5,-0.5,4775.0,0.711,0.513
TOI-1268 b,TOI-1268,1.0,0.81184902,0.05352851,-0.05352851,8.1577094,4.5e-06,-4.5e-06,918.9,29.9,-30.7,91.0972,,,0.30330832,0.02580009,-0.02611472,0.96,0.04,-0.04,0.36,0.06,-0.06,5300.0,0.92,0.71
TOI-1295 b,TOI-1295,1.0,1.4,0.08,-0.08,3.1968838,5e-07,-5e-07,2360.0,50.0,-50.0,1800.0,130.0,-130.0,1.42,0.08,-0.08,1.38,0.08,-0.08,0.26,0.06,-0.06,6280.0,1.7,0.65
TOI-1298 b,TOI-1298,1.0,0.86163681,0.01775064,-0.01545166,4.537143,3e-06,-3e-06,1278.0,19.95,-26.28,732.0077,,,0.31148883,0.01887811,-0.01887811,1.2187,0.0246,-0.0568,0.397,0.061,-0.058,5752.0,1.4536,0.6
TOI-1333 b,TOI-1333,1.0,1.396,0.056,-0.054,4.720219,1.1e-05,-1.1e-05,1679.0,35.0,-34.0,1112.85,,,2.37,0.24,-0.24,1.464,0.076,-0.079,0.119,0.078,-0.077,6274.0,1.925,1.08
TOI-1408 b,TOI-1408,1.0,2.23035445,0.35685671,-0.35685671,4.42587,3e-05,-3e-05,1293.0,,,465.179,,,1.86578665,0.01258541,-0.01258541,1.312,0.009,-0.009,0.25,0.06,-0.06,6117.0,1.53,0.18
TOI-1431 b,TOI-1431,1.0,1.49,0.05,-0.05,2.650237,3e-06,-3e-06,2370.0,70.0,-70.0,5300.0,500.0,-470.0,3.12,0.18,-0.18,1.9,0.1,-0.08,0.09,0.03,-0.03,7690.0,1.92,1.17
TOI-150.01,TOI-150,1.0,1.255,0.021,-0.019,5.857487,8.9e-05,-9.7e-05,1404.5,7.1,-6.5,750.922,,,2.51,0.12,-0.12,1.351,0.038,-0.026,0.28,0.036,-0.036,6255.0,1.526,1.68
TOI-1516 b,TOI-1516,1.0,1.36,0.03,-0.03,2.056014,2e-06,-2e-06,1839.0,,,1899.83,,,3.16,0.12,-0.12,1.14,0.06,-0.06,-0.05,0.1,-0.1,6520.0,1.14,1.56
TOI-1518 b,TOI-1518,1.0,1.878,0.042,-0.042,1.90261131,4.3e-07,-4.3e-07,2546.0,35.0,-36.0,7010.0,390.0,-380.0,1.83,0.47,-0.47,1.88,0.13,-0.12,-0.1,0.12,-0.12,7299.0,1.942,0.343
TOI-157 b,TOI-157,1.0,1.286,0.023,-0.02,2.0845435,2.3e-06,-2.3e-06,1588.0,21.0,-20.0,1062.0,57.0,-51.0,1.18,0.13,-0.12,0.948,0.023,-0.018,0.24,0.09,-0.09,5404.0,1.167,0.686
TOI-1601 b,TOI-1601,1.0,1.2667542,0.05786174,-0.04560795,5.33175,0.00014,-0.00014,1493.97,29.38,-27.85,1071.42,,,1.21763817,0.05034163,-0.05348798,1.5055,0.0347,-0.0505,0.343,0.052,-0.058,5982.0,2.195,0.74
TOI-163 b,TOI-163,1.0,1.489,0.034,-0.034,4.231306,6.3e-05,-5.7e-05,1669.0,16.0,-14.0,1489.1126,,,1.22,0.12,-0.12,1.4352,0.029,-0.028,0.22,0.041,-0.041,6495.0,1.648,0.49
TOI-169 b,TOI-169,1.0,1.086,0.081,-0.048,2.2554477,6.3e-06,-6.3e-06,1715.0,22.0,-20.0,1443.0,73.0,-66.0,0.791,0.064,-0.06,1.147,0.069,-0.075,0.24,0.09,-0.09,5880.0,1.288,0.76
TOI-172 b,TOI-172,1.0,0.965,0.032,-0.029,9.47725,0.00064,-0.00079,1198.0,18.0,-17.0,299.0,19.0,-16.0,5.42,0.22,-0.2,1.128,0.065,-0.061,0.148,0.079,-0.08,5645.0,1.777,7.53
TOI-1789 b,TOI-1789,1.0,1.44,0.24,-0.14,3.208664,1.5e-05,-1.5e-05,1927.0,27.0,-17.0,2300.0,130.0,-81.0,0.7,0.16,-0.16,1.507,0.059,-0.14,0.373,0.071,-0.086,5991.0,2.168,0.28
TOI-1811 b,TOI-1811,1.0,0.994,0.025,-0.023,3.7130765,1.7e-06,-1.7e-06,962.2,8.0,-7.9,55.9743,,,0.972,0.076,-0.078,0.817,0.033,-0.03,0.306,0.076,-0.077,4766.0,0.769,1.23
TOI-1820 b,TOI-1820,1.0,1.14,0.02,-0.02,4.860674,5e-06,-5e-06,1375.0,12.0,-12.0,292.245,,,2.3,0.2,-0.2,1.04,0.13,-0.13,0.14,0.15,-0.15,5734.0,1.51,2.0
TOI-1855 b,TOI-1855,1.0,1.65,0.52,-0.37,1.36414864,5.1e-07,-5.1e-07,1701.0,20.0,-20.0,852.162,,,1.133,0.096,-0.091,0.987,0.058,-0.045,0.399,0.069,-0.079,5359.0,1.041,0.31
TOI-1937 A b,TOI-1937 A,1.0,1.247,0.059,-0.062,0.94667944,4.7e-07,-4.7e-07,2097.0,35.0,-36.0,3230.0,220.0,-213.0,2.01,0.17,-0.16,1.072,0.059,-0.064,0.196,0.084,-0.084,5814.0,1.08,1.28
TOI-2025 b,TOI-2025,1.0,1.061,0.033,-0.031,8.8720982,7.7e-06,-7.7e-06,1166.0,18.0,-16.0,343.7178,,,3.6,0.33,-0.33,1.199,0.074,-0.092,0.15,0.11,-0.1,5977.0,1.459,3.74
TOI-2031 A b,TOI-2031 A,1.0,1.267,0.024,-0.024,5.71548654,7.6e-07,-7.5e-07,1358.0,36.0,-28.0,567.0,62.0,-46.0,0.8,0.23,-0.23,1.174,0.06,-0.062,-0.24,0.09,-0.16,6490.0,1.241,0.49
TOI-2046 b,TOI-2046,1.0,1.44,0.11,-0.11,1.4971842,3.1e-06,-3.3e-06,1828.82,,,2643.655,,,2.3,0.28,-0.28,1.13,0.19,-0.19,-0.06,0.15,-0.15,6250.0,1.21,0.955
TOI-2107 b,TOI-2107,1.0,1.211,0.035,-0.032,2.4545467,1.3e-06,-1.3e-06,1397.0,20.0,-18.0,508.468,,,0.83,0.11,-0.11,0.961,0.049,-0.054,0.07,0.12,-0.11,5627.0,0.932,0.577
TOI-2109 b,TOI-2109,1.0,1.347,0.047,-0.047,0.67247414,2.8e-08,-2.8e-07,3646.0,88.0,-88.0,14429.0,,,5.02,0.75,-0.75,1.453,0.074,-0.074,0.068,0.07,-0.062,6540.0,1.698,2.55
TOI-2152 A b,TOI-2152,1.0,1.281,0.05,-0.046,3.3773512,6e-06,-6.1e-06,1802.0,60.0,-54.0,2195.7879,,,2.83,0.38,-0.37,1.516,0.085,-0.1,0.282,0.075,-0.079,6630.0,1.612,1.67
TOI-2154 b,TOI-2154,1.0,1.453,0.053,-0.048,3.8240801,2.5e-06,-2.5e-06,1580.0,27.0,-27.0,1005.8946,,,0.92,0.19,-0.18,1.233,0.077,-0.09,0.011,0.071,-0.059,6280.0,1.396,0.37
TOI-2158 b,TOI-2158,1.0,0.96,0.012,-0.012,8.60077,3e-05,-3e-05,1188.0,10.0,-10.0,81.4989,,,0.82,0.08,-0.08,1.12,0.12,-0.12,0.47,0.08,-0.08,5673.0,1.41,1.14
TOI-2169 A b,TOI-2169 A,1.0,1.116,0.037,-0.036,8.2148282,8.1e-06,-8e-06,1364.0,21.0,-21.0,577.0,37.0,-35.0,1.037,0.077,-0.076,1.42,0.069,-0.07,0.123,0.076,-0.073,6270.0,1.82,0.92
TOI-2184 b,TOI-2184,1.0,1.017,0.051,-0.051,6.90683,9e-05,-9e-05,1676.05,,,1429.0,151.0,-151.0,0.65,0.16,-0.16,1.53,0.12,-0.12,0.14,0.08,-0.08,5966.0,2.9,0.76
TOI-2193 A b,TOI-2193 A,1.0,1.77,,,2.1225735,1.6e-06,-1.6e-06,1763.0,21.0,-22.0,1600.0,81.0,-81.0,0.94,0.18,-0.18,1.082,0.052,-0.049,0.027,0.066,-0.052,5966.0,1.248,0.06
TOI-2207 b,TOI-2207,1.0,0.995,0.028,-0.027,8.001968,2.4e-05,-2.5e-05,1259.0,16.0,-15.0,406.0,19.0,-18.0,0.64,0.1,-0.12,1.296,0.069,-0.072,0.181,0.086,-0.086,6101.0,1.564,0.8
TOI-2236 b,TOI-2236,1.0,1.282,0.032,-0.031,3.5315902,2.6e-06,-2.6e-06,1688.0,19.0,-21.0,1356.0,62.0,-65.0,1.58,0.4,-0.39,1.343,0.066,-0.065,0.119,0.081,-0.078,6248.0,1.573,0.93
TOI-2337 b,TOI-2337,1.0,0.9,0.1,-0.1,2.99432,8e-05,-8e-05,1272.46,,,619.5809,,,1.6,0.15,-0.15,1.325,0.118,-0.118,0.39,0.06,-0.06,4780.0,3.22,2.72
TOI-2346 b,TOI-2346,1.0,1.438,0.043,-0.041,3.3312029,2.4e-06,-2.4e-06,1689.0,47.0,-42.0,1360.0,160.0,-130.0,1.24,0.22,-0.22,1.271,0.07,-0.074,-0.03,0.048,-0.056,6480.0,1.38,0.52
TOI-2368 b,TOI-2368,1.0,0.967,0.036,-0.031,5.1750073,1.6e-06,-1.6e-06,1000.0,44.0,-31.0,162.7267,,,0.65,0.18,-0.18,0.897,0.048,-0.049,0.1,0.18,-0.15,5360.0,0.846,0.88
TOI-2379 b,TOI-2379,1.0,1.046,0.023,-0.023,5.4693827,2.3e-06,-2.3e-06,624.0,12.0,-12.0,25.3,1.6,-1.6,5.76,0.2,-0.2,0.645,0.033,-0.033,0.501,0.085,-0.085,3707.0,0.622,6.21
TOI-2382 b,TOI-2382,1.0,1.093,0.076,-0.051,4.6612061,3.2e-06,-3.2e-06,1426.0,15.0,-14.0,689.0,30.0,-27.0,0.74,0.25,-0.25,1.26,0.064,-0.065,0.249,0.073,-0.074,6033.0,1.417,0.68
TOI-2384 b,TOI-2384,1.0,1.025,0.021,-0.021,2.13570304,3.8e-07,-3.8e-07,889.7,5.0,-5.0,104.3,2.4,-2.4,1.966,0.059,-0.059,0.635,0.016,-0.016,0.332,0.063,-0.063,3943.0,0.6113,2.26
TOI-2416 b,TOI-2416,1.0,0.88,0.02,-0.02,8.275479,9e-06,-9e-06,1080.0,10.0,-10.0,130.93,,,3.0,0.1,-0.09,1.118,0.029,-0.027,0.32,0.05,-0.05,5808.0,1.236,5.4
TOI-2421 b,TOI-2421,1.0,0.925,0.035,-0.034,4.3474032,7.9e-06,-7.8e-06,1534.0,20.0,-28.0,923.6,47.8,-64.7,0.333,0.079,-0.079,1.131,0.13,-0.064,0.19,0.083,-0.085,5607.0,1.75,0.52
TOI-251 b,TOI-251,1.0,0.24444643,0.01605852,-0.01605852,4.93777,2.8e-05,-2.9e-05,1041.19,,,277.7462,,,1.0,,,1.036,0.013,-0.009,-0.106,0.079,-0.07,5875.0,0.881,
TOI-2524 b,TOI-2524,1.0,1.0,0.02,-0.03,7.18585,1e-05,-1e-05,1100.0,20.0,-20.0,210.609,,,0.64,0.04,-0.04,1.007,0.032,-0.029,0.06,0.05,-0.05,5831.0,1.119,0.79
TOI-2570 b,TOI-2570,1.0,1.217,0.035,-0.034,2.9887615,2.2e-06,-2.2e-06,1431.0,24.0,-23.0,699.0,48.0,-44.0,0.82,0.063,-0.065,1.063,0.063,-0.065,0.191,0.083,-0.083,5771.0,1.095,0.563
TOI-2580 b,TOI-2580,1.0,1.55,0.05,-0.05,3.39775,2e-06,-2e-06,2410.0,60.0,-60.0,1730.0,130.0,-130.0,0.63,0.08,-0.08,1.33,0.08,-0.08,0.26,0.06,-0.06,6120.0,1.81,0.22
TOI-2641 b,TOI-2641,1.0,1.615,0.462,-0.64,4.880974,2.3e-05,-3.7e-05,1387.0,22.0,-23.0,602.0,103.0,-110.0,0.386,0.022,-0.036,1.16,0.07,-0.07,-0.15,0.08,-0.08,6100.0,1.336,0.092
TOI-2669 b,TOI-2669,1.0,1.76,0.16,-0.16,6.2034,0.0001,-0.0001,1226.0,,,375.554,,,0.61,0.19,-0.19,1.19,0.16,-0.16,0.1,0.06,-0.06,4800.0,4.1,0.139
TOI-2714 b,TOI-2714,1.0,1.22401852,0.06244992,-0.0597735,2.499387,4e-06,-4e-06,1603.0,65.0,-65.0,945.55,,,0.71736822,0.10382961,-0.10068326,1.07,0.06,-0.06,0.3,0.11,-0.11,5665.0,1.25,0.49
TOI-2796 b,TOI-2796,1.0,1.54,,,4.8084983,5.7e-06,-5.6e-06,1205.0,18.0,-17.0,352.0,21.0,-20.0,0.44,0.1,-0.11,1.063,0.057,-0.062,0.239,0.076,-0.079,5764.0,1.069,0.15
TOI-2803 A b,TOI-2803 A,1.0,1.616,0.034,-0.032,1.96229325,8.2e-07,-8.2e-07,1893.0,29.0,-28.0,2150.0,132.0,-125.0,0.975,0.083,-0.07,1.118,0.056,-0.054,-0.105,0.068,-0.072,6280.0,1.245,0.287
TOI-2818 b,TOI-2818,1.0,1.363,0.046,-0.045,4.039709,2.4e-06,-2.3e-06,1376.0,26.0,-24.0,598.0,47.0,-41.0,0.71,0.26,-0.26,0.977,0.063,-0.049,-0.02,0.11,-0.09,5721.0,1.229,0.34
TOI-2842 b,TOI-2842,1.0,1.146,0.051,-0.048,3.5514058,7.7e-06,-7.8e-06,1471.0,29.0,-27.0,781.8,63.9,-56.6,0.37,0.052,-0.047,1.135,0.077,-0.079,0.233,0.087,-0.09,5910.0,1.265,0.304
TOI-2886 b,TOI-2886,1.0,1.663,0.041,-0.035,1.60200105,4.4e-07,-4.3e-07,1978.0,45.0,-46.0,2560.0,240.0,-230.0,1.4,0.23,-0.23,1.229,0.057,-0.065,0.284,0.073,-0.077,6240.0,1.241,0.377
TOI-2969 b,TOI-2969,1.0,1.1,0.08,-0.08,1.8237146,2e-07,-2e-07,1186.0,52.0,-52.0,382.0,12.0,-11.0,1.16,0.04,-0.04,0.71,0.02,-0.02,0.08,0.05,-0.05,4738.0,0.7,1.1
TOI-2977 b,TOI-2977,1.0,1.174,0.031,-0.027,2.3505614,2.5e-06,-2.5e-06,1544.0,26.0,-26.0,947.8,66.9,-61.7,1.68,0.26,-0.25,0.936,0.057,-0.041,0.013,0.087,-0.085,5691.0,1.073,1.28
TOI-2981 b,TOI-2981,1.0,1.19546999,0.03746995,-0.03746995,3.601501,2e-06,-2e-06,1358.0,39.0,-39.0,556.616,,,2.00737249,0.10382961,-0.10382961,1.03,0.06,-0.06,-0.11,0.1,-0.1,5940.0,1.08,1.46
TOI-2986 b,TOI-2986,1.0,0.829,0.023,-0.021,3.2783662,4.4e-06,-4.3e-06,1622.0,18.0,-18.0,1156.0,53.0,-50.0,0.304,0.067,-0.086,1.122,0.074,-0.064,0.095,0.067,-0.061,5906.0,1.458,0.66
TOI-2989 b,TOI-2989,1.0,1.12,0.05,-0.05,3.122832,1e-06,-1e-06,1001.0,43.0,-42.0,124.0,4.0,-4.0,3.0,0.2,-0.2,0.77,0.02,-0.02,-0.04,0.07,-0.07,4672.0,0.76,2.7
TOI-2992 b,TOI-2992,1.0,1.227,0.045,-0.045,3.007812,1.9e-06,-1.9e-06,1726.0,25.0,-24.0,1484.0,88.0,-81.0,3.33,0.39,-0.39,1.21,0.07,-0.1,0.084,0.068,-0.06,6000.0,1.545,2.23
TOI-3023 b,TOI-3023,1.0,1.466,0.043,-0.032,3.9014971,3.1e-06,-3.1e-06,1596.0,24.0,-25.0,1084.0,68.0,-65.0,0.62,0.1,-0.09,1.12,0.11,-0.06,0.085,0.084,-0.083,5760.0,1.668,0.245
TOI-3135 b,TOI-3135,1.0,1.218,0.03,-0.03,3.7065585,1.3e-06,-1.3e-06,1292.0,31.0,-30.0,464.0,47.0,-42.0,1.03,0.3,-0.27,1.044,0.042,-0.047,0.071,0.078,-0.07,5890.0,0.985,0.7
TOI-3160 A b,TOI-3160 A,1.0,1.228,0.046,-0.045,3.971281,2.5e-06,-2.5e-06,1539.0,39.0,-40.0,933.0,100.0,-96.0,1.19,0.16,-0.15,1.088,0.082,-0.078,-0.114,0.08,-0.095,6190.0,1.346,0.79
TOI-3235 b,TOI-3235,1.0,1.017,0.044,-0.044,2.59261842,4.1e-07,-4.1e-07,604.0,19.0,-19.0,13.8883,,,0.665,0.025,-0.025,0.3939,0.02,-0.02,0.264,0.1,-0.1,3388.8,0.3697,0.78
TOI-3288 b,TOI-3288,1.0,1.0,0.03,-0.03,1.4338635,4e-07,-4e-07,1059.0,21.0,-21.0,239.0,7.0,-7.0,2.11,0.08,-0.08,0.64,0.01,-0.01,0.27,0.13,-0.13,3933.0,0.67,2.6
TOI-3321 b,TOI-3321,1.0,1.388,0.07,-0.064,3.6525145,2.7e-06,-2.8e-06,1616.0,29.0,-28.0,967.919,,,0.554,0.076,-0.075,1.041,0.084,-0.068,-0.103,0.047,-0.062,5850.0,1.549,0.255
TOI-3331 A b,TOI-3331 A,1.0,1.158,0.043,-0.043,2.0180231,4.3e-06,-4.4e-06,1488.0,31.0,-29.0,818.5,70.5,-61.0,2.27,0.16,-0.16,1.016,0.047,-0.052,0.148,0.084,-0.084,5609.0,0.952,1.82
TOI-3364 b,TOI-3364,1.0,1.091,0.038,-0.032,5.8768918,6.9e-06,-6.9e-06,1264.0,22.0,-21.0,425.0,31.0,-27.0,1.67,0.12,-0.13,1.186,0.059,-0.083,0.387,0.072,-0.081,5706.0,1.419,1.6
TOI-3464 b,TOI-3464,1.0,1.228,0.057,-0.053,3.6515568,6e-06,-6.1e-06,1693.0,54.0,-45.0,1370.0,180.0,-140.0,1.25,0.27,-0.26,1.363,0.095,-0.099,0.045,0.067,-0.051,6370.0,1.56,0.83
TOI-3474 b,TOI-3474,1.0,1.309,0.033,-0.032,3.8795105,4.5e-06,-4.5e-06,1451.0,38.0,-36.0,740.0,81.0,-71.0,0.61,0.14,-0.15,1.121,0.069,-0.067,0.146,0.084,-0.081,6020.0,1.256,0.337
TOI-3486 b,TOI-3486,1.0,0.943,0.03,-0.029,2.21778105,8.8e-07,-8.8e-07,1190.0,28.0,-24.0,334.0,32.0,-26.0,0.312,0.057,-0.056,0.837,0.037,-0.034,0.283,0.081,-0.085,4930.0,0.788,0.46
TOI-3523 A b,TOI-3523 A,1.0,1.425,0.037,-0.035,2.30458952,8.2e-07,-8.2e-07,1984.0,33.0,-33.0,2590.0,180.0,-170.0,1.37,0.12,-0.11,1.131,0.074,-0.078,-0.366,0.076,-0.081,6450.0,1.448,0.587
TOI-3540 A b,TOI-3540 A,1.0,2.1,,,3.119999,7.9e-06,-7.9e-06,1498.0,22.0,-22.0,841.3,50.7,-48.5,1.18,0.14,-0.14,1.081,0.071,-0.069,0.176,0.089,-0.089,5810.0,1.228,0.065
TOI-3593 b,TOI-3593,1.0,0.984,0.028,-0.026,3.8212867,1.6e-06,-1.6e-06,1170.0,19.0,-22.0,308.0,21.0,-23.0,1.78,0.09,-0.13,1.015,0.037,-0.043,0.384,0.08,-0.084,5550.0,0.918,2.31
TOI-3688 A b,TOI-3688 A,1.0,1.167,0.048,-0.044,3.246075,1.2e-05,-1.2e-05,1534.0,29.0,-28.0,924.3,72.0,-66.1,0.98,0.1,-0.11,1.199,0.072,-0.076,0.262,0.085,-0.086,5950.0,1.302,0.76
TOI-3693 b,TOI-3693,1.0,1.124,0.029,-0.023,9.088516,2.6e-05,-2.7e-05,801.0,13.0,-12.0,68.6,4.7,-4.1,1.02,0.24,-0.22,0.867,0.036,-0.037,0.071,0.079,-0.076,5321.0,0.791,0.89
TOI-3714 b,TOI-3714,1.0,1.01,0.03,-0.03,2.154849,1e-06,-1e-06,750.0,20.0,-20.0,54.0,4.0,-5.0,0.7,0.03,-0.03,0.53,0.02,-0.02,0.1,0.1,-0.1,3660.0,0.51,0.85
TOI-375 b,TOI-375,1.0,0.961,0.044,-0.043,9.45469,2e-05,-2e-05,1373.0,47.0,-45.0,593.3,30.87,-28.8,0.745,0.052,-0.053,1.441,0.076,-0.075,0.084,0.047,-0.045,5259.9,2.9,1.037
TOI-3807 b,TOI-3807,1.0,1.65,,,2.8989727,3.8e-06,-3.9e-06,1646.0,25.0,-24.0,1230.0,73.0,-73.0,1.04,0.15,-0.14,1.181,0.064,-0.092,0.278,0.084,-0.081,5772.0,1.468,0.289
TOI-3819 b,TOI-3819,1.0,1.172,0.036,-0.035,3.2443141,5.5e-06,-5.5e-06,1633.0,21.0,-19.0,1186.0,61.0,-55.0,1.11,0.18,-0.2,1.242,0.057,-0.076,0.273,0.084,-0.082,5859.0,1.538,0.85
TOI-3856 b,TOI-3856,1.0,1.213,0.025,-0.024,2.04360352,9.4e-07,-9.4e-07,1544.0,14.0,-13.0,949.0,34.0,-32.0,0.54,0.1,-0.1,1.096,0.045,-0.049,0.454,0.065,-0.076,5622.0,1.055,0.371
TOI-3877 b,TOI-3877,1.0,1.042,0.044,-0.043,4.123596,6.7e-06,-6.7e-06,1445.0,19.0,-17.0,729.0,40.0,-33.0,0.314,0.069,-0.067,1.16,0.066,-0.089,0.269,0.067,-0.069,5731.0,1.445,0.342
TOI-3894 b,TOI-3894,1.0,1.363,0.055,-0.051,4.33454,2.2e-06,-2.2e-06,1531.0,17.0,-15.0,546.903,,,0.82,0.14,-0.14,1.138,0.089,-0.075,0.021,0.085,-0.06,6000.0,1.502,0.4
TOI-3912 b,TOI-3912,1.0,1.274,0.041,-0.04,3.4936264,3.8e-06,-3.8e-06,1512.0,20.0,-20.0,872.2,47.8,-46.3,0.406,0.071,-0.068,1.088,0.086,-0.07,0.187,0.087,-0.09,5725.0,1.392,0.243
TOI-3919 b,TOI-3919,1.0,1.099,0.052,-0.05,7.433234,1.4e-05,-1.4e-05,1198.0,15.0,-14.0,184.322,,,3.88,0.23,-0.23,1.208,0.067,-0.07,0.175,0.096,-0.094,6100.0,1.319,3.63
TOI-3980 b,TOI-3980,1.0,1.29,0.2,-0.1,3.6089254,3e-06,-3.1e-06,1621.0,29.0,-28.0,1153.0,81.0,-73.0,0.59,0.19,-0.17,1.24,0.08,-0.13,0.188,0.085,-0.086,5840.0,1.626,0.25
TOI-4087 b,TOI-4087,1.0,1.164,0.025,-0.024,3.1774835,9.4e-07,-9.4e-07,1458.0,20.0,-17.0,753.9,41.1,-33.8,0.73,0.14,-0.14,1.178,0.039,-0.042,0.237,0.079,-0.079,6060.0,1.112,0.57
TOI-4137 b,TOI-4137,1.0,1.211,0.04,-0.039,3.8016122,6.5e-06,-6.5e-06,1570.0,25.0,-24.0,1013.0,68.0,-60.0,1.44,0.17,-0.15,1.313,0.068,-0.071,0.182,0.083,-0.085,6202.0,1.438,1.01
TOI-4145 A b,TOI-4145 A,1.0,1.187,0.032,-0.031,4.0664428,5.8e-06,-5.8e-06,1074.0,19.0,-16.0,223.0,16.0,-13.0,0.43,0.13,-0.13,0.905,0.043,-0.044,0.168,0.084,-0.087,5281.0,0.859,0.32
TOI-4153 b,TOI-4153,1.0,1.438,0.045,-0.042,4.6174141,1.5e-06,-1.5e-06,1669.0,29.0,-39.0,1212.0072,,,1.15,0.18,-0.18,1.572,0.064,-0.071,0.317,0.1,-0.13,6860.0,1.605,0.477
TOI-4201 b,TOI-4201,1.0,1.22,0.04,-0.04,3.5819194,1.1e-06,-1.1e-06,725.0,20.0,-20.0,45.2,3.2,-3.2,2.48,0.09,-0.09,0.61,0.02,-0.02,0.52,0.08,-0.08,3794.0,0.63,1.82
TOI-4214 b,TOI-4214,1.0,0.953,0.032,-0.03,3.4913885,3.3e-06,-3.2e-06,1642.0,47.0,-40.0,1210.0,150.0,-110.0,0.52,0.053,-0.054,1.382,0.064,-0.076,0.294,0.082,-0.086,6370.0,1.434,0.74
TOI-4329 b,TOI-4329,1.0,1.5,0.19,-0.19,2.9223,0.00015,-0.00015,2027.12,,,3990.5716,,,0.45,0.09,-0.09,1.538,0.049,-0.049,0.29,0.06,-0.06,6000.0,2.31,0.165
TOI-4377 b,TOI-4377,1.0,1.348,0.081,-0.081,4.378081,1.9e-05,-1.9e-05,1162.08,,,430.9826,,,0.957,0.089,-0.087,1.36,0.08,-0.07,0.205,0.038,-0.038,4974.0,3.52,0.881
TOI-4379 b,TOI-4379,1.0,1.489,0.079,-0.079,3.25352,2e-05,-2e-05,1869.38,,,2886.0903,,,1.113,0.071,-0.071,1.372,0.037,-0.105,0.16,0.06,-0.06,6020.0,1.976,0.418
TOI-4463 A b,TOI-4463 A,1.0,1.183,0.064,-0.045,2.8807198,2.8e-06,-2.7e-06,1395.0,25.0,-22.0,633.0,46.0,-38.0,0.794,0.039,-0.04,1.056,0.059,-0.063,0.25,0.085,-0.085,5640.0,1.062,0.595
TOI-4487 A b,TOI-4487 A,1.0,1.303,0.069,-0.064,3.9540709,2.1e-06,-2.1e-06,1639.0,17.0,-16.0,1203.0,51.0,-47.0,1.25,0.16,-0.16,1.378,0.065,-0.064,0.216,0.089,-0.088,6206.0,1.634,0.7
TOI-4551 b,TOI-4551,1.0,1.058,0.11,-0.062,9.95581,7.6e-05,-7.8e-05,1655.0,,,1247.74,,,1.49,0.13,-0.13,1.31,0.07,-0.18,0.23,0.06,-0.06,4896.0,3.55,1.74
TOI-4603 b,TOI-4603,1.0,1.042,0.038,-0.035,7.24599,0.00022,-0.00021,1677.0,24.0,-24.0,1192.0,71.0,-68.0,12.89,0.58,-0.57,1.765,0.061,-0.061,0.342,0.039,-0.04,6264.0,2.738,14.1
TOI-4666 b,TOI-4666,1.0,1.11,0.04,-0.04,2.9089168,7e-07,-6e-07,713.0,14.0,-14.0,54.0,3.0,-3.0,0.7,0.06,-0.06,0.58,0.01,-0.01,0.19,0.12,-0.12,3512.0,0.59,0.64
TOI-4773 b,TOI-4773,1.0,1.358,0.049,-0.048,1.7452851,1.4e-06,-1.4e-06,2255.0,73.0,-59.0,3879.8071,,,5.31,0.35,-0.34,1.452,0.082,-0.075,0.11,0.14,-0.12,6740.0,1.55,2.63
TOI-4791 b,TOI-4791,1.0,1.11,0.05,-0.05,4.28088,2.2e-05,-2.3e-05,1472.0,26.0,-24.0,783.2,56.6,-50.0,2.31,0.32,-0.33,1.242,0.072,-0.077,0.207,0.085,-0.089,6058.0,1.409,2.09
TOI-4794 b,TOI-4794,1.0,1.281,0.044,-0.039,3.5658116,6.3e-06,-6.3e-06,1673.0,35.0,-33.0,1310.0,120.0,-100.0,0.97,0.24,-0.23,1.25,0.068,-0.075,-0.102,0.066,-0.077,6390.0,1.451,0.57
TOI-4961 b,TOI-4961,1.0,1.101,0.041,-0.039,7.479182,8.2e-06,-8.2e-06,919.0,30.0,-29.0,115.0,16.0,-14.0,1.8,0.21,-0.23,0.912,0.051,-0.04,0.206,0.09,-0.088,5380.0,0.912,1.67
TOI-5181 A b,TOI-5181 A,1.0,1.191,0.04,-0.038,3.8922295,2.3e-06,-2.3e-06,1585.0,25.0,-32.0,1053.0,69.0,-81.0,1.04,0.17,-0.17,1.25,0.06,-0.072,0.208,0.078,-0.078,6060.0,1.53,0.76
TOI-519 b,TOI-519,1.0,1.03,0.03,-0.03,1.2652328,5e-07,-5e-07,687.0,14.0,-14.0,54.0,4.0,-4.0,0.463,0.082,-0.088,0.335,0.008,-0.008,0.27,0.09,-0.09,3322.0,0.35,0.56
TOI-5205 b,TOI-5205,1.0,1.03,0.03,-0.03,1.630757,1e-06,-1e-06,737.0,15.0,-15.0,49.0,4.0,-4.0,1.08,0.06,-0.06,0.392,0.015,-0.015,0.0,,,3430.0,0.394,1.21
TOI-5218 b,TOI-5218,1.0,0.879,0.034,-0.034,4.291452,4e-06,-4e-06,783.0,21.0,-21.0,62.0,6.0,-6.0,2.06715317,,,0.739,0.03,-0.03,0.41,0.12,-0.12,4230.0,0.708,
TOI-5232 b,TOI-5232,1.0,1.14,0.051,-0.045,4.0966692,6.7e-06,-6.7e-06,1772.0,40.0,-45.0,1193.86,,,2.34,0.16,-0.16,1.389,0.068,-0.075,-0.104,0.11,-0.086,6500.0,1.785,1.96
TOI-5261 b,TOI-5261,1.0,1.035,0.042,-0.041,4.1509768,6.8e-06,-6.8e-06,1244.0,30.0,-25.0,159.592,,,11.49,0.43,-0.46,1.037,0.053,-0.057,0.254,0.076,-0.077,5790.0,1.021,12.9
TOI-5293 A b,TOI-5293 A,1.0,1.06,0.04,-0.04,2.930289,4e-06,-4e-06,675.0,42.0,-30.0,34.6,8.6,-6.2,0.54,0.07,-0.07,0.54,0.02,-0.02,-0.03,0.12,-0.12,3586.0,0.52,0.56
TOI-530 b,TOI-530,1.0,0.83,0.06,-0.06,6.387597,1.9e-05,-1.8e-05,565.0,28.0,-31.0,14.259,,,0.4,0.09,-0.1,0.53,0.02,-0.02,0.376,0.095,-0.095,3659.0,0.54,0.93
TOI-5300 b,TOI-5300,1.0,0.88,0.08,-0.08,2.262196,3e-06,-3e-06,1043.0,67.0,-66.0,198.0,6.0,-6.0,0.6,0.1,-0.1,0.67,0.02,-0.02,-0.17,0.07,-0.07,4610.0,0.65,1.1
TOI-5301 b,TOI-5301,1.0,1.168,0.076,-0.07,5.858858,1.6e-05,-1.6e-05,1648.0,34.0,-31.0,429.794,,,3.72,0.37,-0.37,1.483,0.081,-0.14,0.03,0.13,-0.11,6240.0,2.19,2.88
TOI-5322 b,TOI-5322,1.0,1.482,0.031,-0.027,5.4233207,3.9e-06,-3.8e-06,1350.0,21.0,-19.0,554.0,35.0,-30.0,0.579,0.081,-0.081,0.998,0.051,-0.046,-0.048,0.042,-0.077,5692.0,1.462,0.22
TOI-5340 b,TOI-5340,1.0,1.345,0.051,-0.049,4.9394392,7.1e-06,-7.2e-06,1566.0,26.0,-29.0,1004.0,68.0,-72.0,0.85,0.25,-0.25,1.35,0.07,-0.15,0.208,0.081,-0.082,5990.0,1.842,0.43
TOI-5344 b,TOI-5344,1.0,0.946,0.021,-0.021,3.792622,6.2e-06,-6.2e-06,689.0,12.0,-12.0,38.0,3.0,-3.0,0.412,0.04,-0.04,0.612,0.034,-0.034,0.425,0.088,-0.088,3747.0,0.588,0.604
TOI-5349 b,TOI-5349,1.0,0.91,0.02,-0.02,3.317921,2e-06,-2e-06,719.0,15.0,-15.0,44.5,3.7,-3.7,0.4,0.02,-0.02,0.61,0.02,-0.02,0.5,0.16,-0.16,3751.0,0.58,0.66
TOI-5350 b,TOI-5350,1.0,1.108,0.038,-0.029,7.581367,1.2e-05,-1.1e-05,1195.0,21.0,-19.0,321.879,,,6.59,0.25,-0.26,1.167,0.063,-0.066,0.044,0.072,-0.059,6220.0,1.263,6.03
TOI-5386 A b,TOI-5386 A,1.0,1.312,0.029,-0.028,3.62156552,8.3e-07,-8.3e-07,1488.0,16.0,-16.0,817.0,36.0,-35.0,0.488,0.048,-0.046,1.165,0.055,-0.055,0.182,0.093,-0.089,6094.0,1.245,0.268
TOI-5573 b,TOI-5573,1.0,0.87,0.04,-0.04,8.79758977,9.86e-06,-1.001e-05,528.0,10.0,-10.0,12.92,1.05,-1.05,0.35,0.06,-0.06,0.619,0.023,-0.023,0.42,0.16,-0.16,3790.0,0.594,0.661
TOI-559 b,TOI-559,1.0,1.091,0.028,-0.025,6.9839095,5.1e-06,-5.1e-06,1180.0,18.0,-16.0,404.915,,,6.01,0.24,-0.23,1.026,0.057,-0.057,-0.069,0.065,-0.079,5925.0,1.233,5.74
TOI-5592 b,TOI-5592,1.0,1.53,0.32,-0.16,2.6085846,1.8e-06,-1.8e-06,1789.0,25.0,-23.0,1712.0,96.0,-88.0,0.899,0.07,-0.069,1.194,0.069,-0.073,-0.013,0.052,-0.06,6237.0,1.393,0.22
TOI-5616 b,TOI-5616,1.0,0.961,0.048,-0.042,2.002849,4e-06,-4e-06,939.0,27.0,-27.0,137.0,6.0,-6.0,1.96332356,,,0.666,0.025,-0.025,0.14,0.12,-0.12,3996.0,0.646,
TOI-5634 A b,TOI-5634 A,1.0,0.923,0.056,-0.05,2.2035373,8.4e-06,-8.4e-06,837.0,34.0,-34.0,77.0,5.0,-5.0,1.85005489,,,0.556,0.022,-0.022,-0.27,0.12,-0.12,3896.0,0.54,
TOI-564 b,TOI-564,1.0,1.02,0.71,-0.29,1.651144,1.8e-05,-1.8e-05,1714.0,20.0,-21.0,1423.0,73.0,-81.0,1.463,0.1,-0.096,0.998,0.068,-0.057,0.143,0.076,-0.078,5640.0,1.088,1.7
TOI-5688 A b,TOI-5688 A,1.0,0.92,0.053,-0.062,2.94815527,4.52e-06,-4.48e-06,742.0,18.0,-18.0,50.3,5.0,-5.0,0.39,0.074,-0.077,0.6,0.02,-0.02,0.47,0.16,-0.16,3713.0,0.57,0.61
TOI-6016 b,TOI-6016,1.0,1.22,0.03,-0.03,4.023687,3e-06,-3e-06,1890.0,40.0,-40.0,940.0,50.0,-50.0,1.17,0.09,-0.09,1.31,0.08,-0.08,0.28,0.06,-0.06,6110.0,1.51,0.81
TOI-6029 b,TOI-6029,1.0,1.284,0.098,-0.098,5.7987,0.0004,-0.0004,1484.0,,,806.794,,,1.635,0.032,-0.032,1.548,0.027,-0.085,0.37,0.06,-0.06,6223.0,2.338,0.958
TOI-6034 b,TOI-6034,1.0,1.063,0.042,-0.042,2.576184,2e-06,-2e-06,714.0,21.0,-21.0,43.0,5.0,-5.0,0.798,0.075,-0.075,0.514,0.025,-0.022,-0.09,0.12,-0.12,3635.0,0.489,0.82
TOI-6130 b,TOI-6130,1.0,1.28,0.03,-0.03,2.392679,2e-06,-2e-06,1750.0,40.0,-40.0,1150.0,80.0,-80.0,1.05,0.06,-0.06,1.31,0.08,-0.08,0.28,0.06,-0.06,6110.0,1.51,0.64
TOI-615 b,TOI-615,1.0,1.693,0.052,-0.057,4.6615983,2.5e-06,-1.6e-06,1666.0,24.0,-24.0,1286.0,96.0,-154.0,0.435,0.086,-0.082,1.449,0.087,-0.087,-0.1,0.07,-0.07,6850.0,1.732,0.084
TOI-622 b,TOI-622,1.0,0.824,0.028,-0.029,6.402513,3.1e-05,-5.4e-05,1388.0,22.0,-22.0,602.0,103.0,-118.0,0.303,0.069,-0.072,1.313,0.079,-0.079,0.09,0.07,-0.07,6400.0,1.415,0.507
TOI-628 b,TOI-628,1.0,1.06,0.041,-0.034,3.4095675,7e-06,-6.9e-06,1586.0,52.0,-40.0,1052.9,,,6.33,0.29,-0.31,1.311,0.066,-0.075,0.258,0.078,-0.08,6250.0,1.345,6.58
TOI-6303 b,TOI-6303,1.0,1.034,0.054,-0.057,9.485236,1.62e-05,-1.62e-05,541.0,14.0,-14.0,14.28,1.51,-1.51,7.84,0.31,-0.31,0.644,0.024,-0.024,0.44,0.16,-0.16,3977.0,0.609,8.82
TOI-6330 b,TOI-6330,1.0,0.972,0.033,-0.031,6.8500246,3.3e-06,-3.3e-06,495.0,14.0,-14.0,9.97,1.11,-1.11,10.0,0.32,-0.32,0.531,0.021,-0.021,0.08,0.16,-0.16,3539.0,0.49,13.57
TOI-640 b,TOI-640,1.0,1.72,0.05,-0.05,5.003777,2e-06,-3e-06,1816.0,39.0,-39.0,1150.12,,,0.57,0.02,-0.02,1.536,0.069,-0.076,0.072,0.085,-0.076,6460.0,2.082,0.138
TOI-6420 b,TOI-6420,1.0,1.065,0.065,-0.059,6.961508,1.2e-05,-1.2e-05,1213.0,20.0,-21.0,106.619,,,8.2,0.36,-0.4,1.165,0.069,-0.078,0.24,0.074,-0.077,6020.0,1.312,8.4
TOI-7041 b,TOI-7041,1.0,1.02,0.03,-0.03,9.691,0.006,-0.006,882.37,,,143.259,,,0.36,0.16,-0.16,1.07,0.05,-0.05,0.25,0.1,-0.1,4700.0,4.1,0.421
TOI-7149 b,TOI-7149,1.0,1.18,0.045,-0.045,2.65206166,8e-07,-8e-07,593.0,21.0,-21.0,20.6,2.9,-2.9,0.705,0.075,-0.075,0.344,0.03,-0.03,-0.08,0.16,-0.16,3363.0,0.351,0.53
TOI-778 b,TOI-778,1.0,1.37,0.04,-0.04,4.633611,1e-06,-1e-06,1561.0,33.0,-32.0,734.672,,,2.8,0.2,-0.2,1.4,0.05,-0.05,0.0,0.1,-0.1,6643.0,1.71,1.3
TOI-837 b,TOI-837,1.0,0.818,0.034,-0.024,8.3249113,3.6e-06,-3.6e-06,995.3,20.4,-19.1,164.0,14.0,-12.0,0.379,0.058,-0.061,1.142,0.008,-0.011,0.01,0.04,-0.04,5995.0,1.052,0.89
TOI-858 B b,TOI-858 B,1.0,1.255,0.039,-0.039,3.2797178,1.4e-06,-1.4e-06,1529.0,23.0,-22.0,908.9,55.8,-52.9,1.1,0.08,-0.07,1.081,0.076,-0.07,0.153,0.091,-0.091,5842.0,1.308,0.69
TOI-905 b,TOI-905,1.0,1.171,0.053,-0.051,3.739494,3.8e-05,-3.8e-05,1192.0,39.0,-36.0,337.0,46.0,-38.0,0.667,0.042,-0.041,0.968,0.061,-0.068,0.14,0.22,-0.18,5570.0,0.918,0.515
TrES-1 b,TrES-1,1.0,1.13,0.06,-0.06,3.03007,8e-06,-8e-06,1140.0,13.0,-12.0,318.4582,,,0.84,0.11,-0.11,1.04,0.19,-0.19,0.02,,,5230.0,0.85,0.712
TrES-2 b,TrES-2,1.0,1.36,0.08,-0.08,2.47063,1e-05,-1e-05,1466.0,9.0,-9.0,903.864,20.395,-20.041,1.49,0.22,-0.22,1.36,0.3,-0.3,-0.15,,,5850.0,1.12,0.884
TrES-3 b,TrES-3,1.0,1.336,0.031,-0.037,1.30618581,,,1638.0,22.0,-22.0,1025.5022,,,1.91,0.075,-0.08,0.928,0.028,-0.048,-0.19,0.08,-0.08,5650.0,0.829,0.994
TrES-4 b,TrES-4,1.0,1.61,0.18,-0.18,3.55395,7.5e-05,-7.5e-05,1778.0,22.0,-22.0,2276.295,,,0.78,0.19,-0.19,1.08,0.38,-0.38,0.14,,,6200.0,1.66,0.099
TrES-5 b,TrES-5,1.0,1.194,0.015,-0.015,1.48224686,6.14e-06,-6.14e-06,1480.0,13.0,-13.0,442.993,,,1.79,0.068,-0.068,0.901,0.03,-0.03,0.2,0.1,-0.1,5171.0,0.868,1.31
WASP-1 b,WASP-1,1.0,1.483,0.024,-0.034,2.5199454,5e-07,-5e-07,1812.0,14.0,-14.0,2121.5175,,,0.854,0.057,-0.052,1.24,0.05,-0.07,0.17,0.05,-0.05,6110.0,1.47,0.348
WASP-10 b,WASP-10,1.0,1.08,0.02,-0.02,3.0927616,1.12e-05,-1.12e-05,1370.0,50.0,-50.0,174.0323,,,3.15,0.13,-0.11,0.75,0.04,-0.028,0.03,0.2,-0.2,4675.0,0.698,4.14
WASP-100 b,WASP-100,1.0,1.33,0.14,-0.14,2.84938,8e-06,-8e-06,2190.0,140.0,-140.0,5502.8822,,,1.26,0.45,-0.45,0.77,0.42,-0.42,-0.03,,,6900.0,1.57,0.53
WASP-101 b,WASP-101,1.0,1.43,0.09,-0.09,3.58572,4e-06,-4e-06,1560.0,35.0,-35.0,1089.171,,,0.51,0.08,-0.08,1.41,0.3,-0.3,0.2,,,6380.0,1.31,0.24
WASP-102 b,WASP-102,1.0,1.33,0.05,-0.05,2.709813,3e-07,-3e-07,1671.0,65.0,-65.0,1293.0,155.0,-155.0,0.622,0.133,-0.133,1.08,0.07,-0.07,-0.2,0.3,-0.3,5990.0,1.375,0.32
WASP-104 b,WASP-104,1.0,1.137,0.037,-0.037,1.7554137,1.8e-06,-3.6e-06,1516.0,39.0,-39.0,867.7365,,,1.272,0.047,-0.047,1.076,0.049,-0.049,0.32,0.09,-0.09,5475.0,0.963,1.074
WASP-105 b,WASP-105,1.0,0.96,0.03,-0.03,7.87288,1e-05,-1e-05,900.0,20.0,-20.0,166.5368,,,1.8,0.1,-0.1,0.89,0.09,-0.09,0.28,0.16,-0.16,5070.0,0.9,2.65
WASP-106 b,WASP-106,1.0,1.08,0.016,-0.017,9.28969,1e-05,-1e-05,1140.0,29.0,-29.0,327.8307,,,1.93,0.15,-0.15,1.175,0.082,-0.074,-0.02,0.1,-0.1,6002.0,1.47,1.86
WASP-108 b,WASP-108,1.0,1.35,0.04,-0.04,2.67555212374,4.8124e-07,-4.8124e-07,1589.0,33.0,-33.0,1360.1641,,,0.892,,,1.167,,,0.1478,0.0921,-0.0921,6783.0,1.34415,0.477431
WASP-110 b,WASP-110,1.0,1.177,0.028,-0.024,3.7784022,1.6e-06,-1.6e-06,1158.0,95.0,-95.0,279.0,51.0,-51.0,0.487,0.052,-0.054,0.814,0.014,-0.022,-0.15,0.05,-0.05,5392.0,0.853,0.396533
WASP-113 b,WASP-113,1.0,1.409,0.096,-0.14,4.54216874538,4.2e-06,-4.2e-06,1496.0,60.0,-60.0,821.405,,,0.475,0.054,-0.052,1.318,0.069,-0.069,0.1,0.09,-0.09,5890.0,1.608,0.228
WASP-114 b,WASP-114,1.0,1.339,0.064,-0.064,1.5487743,1.2e-06,-9.1e-07,2043.0,58.0,-58.0,2978.2048,,,1.769,0.064,-0.064,1.289,0.053,-0.053,0.14,0.07,-0.07,5940.0,1.43,0.97
WASP-116 b,WASP-116,1.0,1.22,0.06,-0.06,6.6132,2e-06,-2e-06,1414.0,70.0,-70.0,663.0,100.0,-100.0,0.64,0.14,-0.14,1.25,0.08,-0.08,0.0,0.3,-0.3,6250.0,1.426,0.43
WASP-118 b,WASP-118,1.0,1.44,0.036,-0.036,4.0460435,4.4e-06,-4.4e-06,1729.0,36.0,-36.0,6586.47,,,0.514,0.02,-0.02,1.32,0.035,-0.035,0.16,0.1,-0.1,6410.0,1.696,0.233
WASP-119 b,WASP-119,1.0,1.4,0.2,-0.2,2.49979,1e-05,-1e-05,1600.0,80.0,-80.0,907.8624,,,1.23,0.08,-0.08,1.02,0.06,-0.06,0.14,0.1,-0.1,5650.0,1.2,0.7
WASP-12 b,WASP-12,1.0,1.965,0.088,-0.087,1.091418901,1.8e-08,-1.8e-08,2601.0,18.0,-18.0,8220.584,,,1.47,0.076,-0.069,1.325,0.026,-0.018,0.12,0.07,-0.07,6265.0,1.69,0.266
WASP-120 b,WASP-120,1.0,1.39,0.08,-0.08,3.61126721,7.8e-07,-7.8e-07,1749.0,41.0,-41.0,1818.5489,,,4.85,0.21,-0.21,1.393,0.057,-0.057,-0.05,0.07,-0.07,6450.0,1.68443,2.334107
WASP-121 b,WASP-121,1.0,1.742,0.006,-0.006,1.27492504,1.5e-07,-1.5e-07,2409.0,24.0,-24.0,6216.41,,,1.17,0.043,-0.043,1.33,0.019,-0.019,0.17,0.05,-0.05,6628.0,1.461,0.275
WASP-123 b,WASP-123,1.0,1.35,0.05,-0.05,2.97764359,5.2e-07,-5.2e-07,1500.0,40.0,-40.0,758.324,,,0.899,0.036,-0.036,1.166,0.061,-0.061,0.18,0.08,-0.08,5740.0,1.285,0.490693
WASP-124 b,WASP-124,1.0,1.24,0.03,-0.03,3.37265,1e-06,-1e-06,1400.0,30.0,-30.0,748.0,178.0,-174.0,0.6,0.07,-0.07,1.07,0.05,-0.05,-0.02,0.11,-0.11,6050.0,1.02,0.43
WASP-129 b,WASP-129,1.0,0.93,0.03,-0.03,5.748145,4e-06,-4e-06,1100.0,25.0,-25.0,345.7201,,,1.0,0.1,-0.1,1.0,0.03,-0.03,0.15,0.09,-0.09,5900.0,0.9,1.6
WASP-13 b,WASP-13,1.0,1.22,0.14,-0.14,4.35301,3e-06,-3e-06,1531.0,37.0,-37.0,617.309,,,0.36,0.09,-0.09,0.72,0.25,-0.25,0.0,,,5950.0,1.37,0.222
WASP-132 b,WASP-132,1.0,0.901,0.038,-0.038,7.1335164,1.9e-06,-1.9e-06,682.0,75.0,-114.0,58.5,5.3,-4.7,0.428,0.015,-0.015,0.789,0.039,-0.039,0.15,0.05,-0.05,4686.0,0.758,0.73
WASP-133 b,WASP-133,1.0,1.21,0.05,-0.05,2.176423,1e-06,-1e-06,1790.0,40.0,-40.0,2054.7956,,,1.16,0.09,-0.09,1.16,0.08,-0.08,0.29,0.12,-0.12,5700.0,1.44,0.88
WASP-135 b,WASP-135,1.0,1.3,0.09,-0.09,1.4013794,8e-07,-8e-07,1403.66,,,917.4101,,,1.9,0.08,-0.08,0.98,0.06,-0.06,0.02,0.13,-0.13,5675.0,0.96,1.16
WASP-136 b,WASP-136,1.0,1.5,0.15,-0.15,5.21536178778,2.68524e-06,-2.68524e-06,1630.0,40.0,-40.0,1843.4633,,,1.51,0.08,-0.08,1.41,0.07,-0.07,-0.18,0.1,-0.1,6250.0,2.39014,0.583527
WASP-138 b,WASP-138,1.0,1.09,0.05,-0.05,3.634433,5e-06,-5e-06,1590.0,31.0,-31.0,1133.73,,,1.22,0.08,-0.08,1.22,0.05,-0.05,-0.09,0.1,-0.1,6272.0,1.36,1.2
WASP-14 b,WASP-14,1.0,1.38,0.08,-0.08,2.24375,1e-05,-1e-05,1872.0,29.0,-29.0,1356.33,,,8.84,1.4,-1.4,1.62,0.39,-0.39,0.0,,,6475.0,1.4,2.25
WASP-140 b,WASP-140,1.0,1.27,0.06,-0.06,2.23598448,2.5e-07,-2.5e-07,1270.0,25.0,-25.0,491.326,,,2.44,0.07,-0.07,0.9,0.04,-0.04,0.12,0.1,-0.1,5300.0,0.87,1.578175
WASP-141 b,WASP-141,1.0,1.21,0.08,-0.08,3.310651,5e-06,-5e-06,1540.0,50.0,-50.0,1061.5542,,,2.69,0.15,-0.15,1.25,0.06,-0.06,0.29,0.09,-0.09,5900.0,1.37,1.98
WASP-142 b,WASP-142,1.0,1.53,0.08,-0.08,2.052868,2e-06,-2e-06,2000.0,60.0,-60.0,3140.9238,,,0.84,0.09,-0.09,1.33,0.08,-0.08,0.26,0.12,-0.12,6010.0,1.64,0.31
WASP-144 b,WASP-144,1.0,0.85,0.05,-0.05,2.2783152,1.3e-06,-1.3e-06,1260.0,40.0,-40.0,775.8849,,,0.44,0.06,-0.06,0.81,0.04,-0.04,0.18,0.14,-0.14,5200.0,0.81,0.95
WASP-145 A b,WASP-145 A,1.0,0.9,0.4,-0.4,1.7690381,8e-07,-8e-07,1200.0,60.0,-60.0,313.4012,,,0.89,0.04,-0.04,0.76,0.04,-0.04,-0.04,0.1,-0.1,4900.0,0.68,1.6
WASP-149 b,WASP-149,1.0,1.36,0.06,-0.06,1.332813,6e-07,-5e-07,1855.0,93.0,-93.0,1966.0,305.0,-305.0,0.991,0.196,-0.196,1.05,0.06,-0.06,0.0,0.3,-0.3,5750.0,1.08,0.49
WASP-15 b,WASP-15,1.0,1.41,0.36,-0.36,3.7521,1e-05,-1e-05,1676.0,29.0,-29.0,1237.7366,,,0.54,0.29,-0.29,1.18,0.93,-0.93,-0.17,,,6300.0,1.48,0.263
WASP-150 b,WASP-150,1.0,1.07,0.024,-0.025,5.644207,3e-06,-4e-06,1460.0,11.0,-11.0,854.7074,,,8.46,0.28,-0.2,1.394,0.07,-0.049,0.156,0.1,-0.089,6218.0,1.651,8.54
WASP-153 b,WASP-153,1.0,1.55,0.1,-0.08,3.332609,2e-06,-2e-06,1700.0,40.0,-40.0,1400.0,200.0,-100.0,0.39,0.02,-0.02,1.336,0.086,-0.086,0.34,0.11,-0.11,5914.0,1.73,0.15
WASP-154 b,WASP-154,1.0,0.96,0.06,-0.06,3.811678,1e-06,-1e-06,994.0,63.0,-63.0,162.0,31.0,-31.0,0.626,0.129,-0.129,0.8,0.05,-0.05,0.2,0.1,-0.1,4774.0,0.823,0.88
WASP-155 b,WASP-155,1.0,1.2,0.06,-0.06,3.110413,1e-06,-1e-06,1468.0,76.0,-76.0,771.0,119.0,-119.0,0.871,0.18,-0.18,1.09,0.07,-0.07,0.0,0.3,-0.3,5660.0,1.24,0.62
WASP-158 b,WASP-158,1.0,1.07,0.15,-0.15,3.656333,4e-06,-4e-06,1590.0,80.0,-80.0,903.013,,,2.79,0.23,-0.23,1.38,0.14,-0.14,0.24,0.1,-0.1,6350.0,1.39,3.1
WASP-159 b,WASP-159,1.0,1.38,0.09,-0.09,3.840401,7e-06,-7e-06,1850.0,50.0,-50.0,1599.92,,,0.55,0.08,-0.08,1.41,0.12,-0.12,0.22,0.12,-0.12,6120.0,2.11,0.28
WASP-16 b,WASP-16,1.0,1.22,0.1,-0.1,3.1186,1.4e-05,-1.4e-05,1389.0,24.0,-24.0,481.917,,,1.24,0.25,-0.25,1.78,0.54,-0.54,0.01,,,5700.0,1.14,0.572
WASP-161 b,WASP-161,1.0,1.143,0.065,-0.058,5.4060425,4.8e-06,-4.8e-06,1557.0,34.0,-29.0,990.0,250.0,-190.0,2.49,0.21,-0.21,1.39,0.14,-0.14,0.16,0.09,-0.09,6400.0,1.712,2.2
WASP-162 b,WASP-162,1.0,1.0,0.05,-0.05,9.62468,1e-05,-1e-05,910.0,20.0,-20.0,121.918,,,5.2,0.2,-0.2,0.95,0.04,-0.04,0.28,0.13,-0.13,5300.0,1.11,6.9
WASP-163 b,WASP-163,1.0,1.202,0.097,-0.097,1.6096884,1.5e-06,-1.5e-06,1638.0,68.0,-68.0,1200.0,330.0,-330.0,1.87,0.21,-0.21,0.97,0.15,-0.15,-0.34,0.21,-0.21,5500.0,1.015,1.42
WASP-164 b,WASP-164,1.0,1.128,0.041,-0.043,1.7771255,2.8e-06,-2.8e-06,1610.0,58.0,-53.0,1043.2122,,,2.13,0.12,-0.13,0.946,0.067,-0.071,-0.01,0.19,-0.2,5806.0,0.932,1.96
WASP-165 b,WASP-165,1.0,1.26,0.19,-0.17,3.465509,2.3e-05,-2.3e-05,1624.0,93.0,-89.0,1373.5324,,,0.658,0.097,-0.092,1.248,0.072,-0.07,0.33,0.13,-0.13,5599.0,1.75,0.44
WASP-167 b,WASP-167,1.0,1.58,0.05,-0.05,2.0219596,6e-07,-6e-07,2329.0,64.0,-64.0,3208.41,,,8.0,,,1.59,0.08,-0.08,0.1,0.1,-0.1,7000.0,1.79,
WASP-168 b,WASP-168,1.0,1.5,0.5,-0.3,4.153658,3e-06,-3e-06,1340.0,40.0,-40.0,278.886,,,0.42,0.04,-0.04,1.08,0.05,-0.05,-0.01,0.09,-0.09,6000.0,1.12,0.16
WASP-169 b,WASP-169,1.0,1.304,0.15,-0.073,5.6114118,9.2e-06,-9.2e-06,1604.0,74.0,-42.0,1486.8579,,,0.561,0.061,-0.061,1.337,0.083,-0.083,0.06,0.07,-0.07,6110.0,2.011,0.33
WASP-17 b,WASP-17,1.0,1.87,0.24,-0.24,3.73543,8e-06,-8e-06,1755.0,28.0,-28.0,1292.19,,,0.78,0.23,-0.23,2.28,0.99,-0.99,-0.25,,,6550.0,1.49,0.082
WASP-170 b,WASP-170,1.0,1.096,0.085,-0.085,2.34478022,3.6e-06,-3.6e-06,1422.0,42.0,-42.0,680.0,170.0,-180.0,1.6,0.2,-0.2,0.93,0.15,-0.15,0.22,0.09,-0.09,5600.0,0.938,1.6
WASP-171 b,WASP-171,1.0,0.98,0.07,-0.04,3.8186244,3.8e-06,-3.8e-06,1642.0,51.0,-35.0,1200.24,,,1.084,0.094,-0.094,1.171,0.058,-0.058,0.04,0.07,-0.07,5965.0,1.637,1.5
WASP-172 b,WASP-172,1.0,1.57,0.1,-0.1,5.477433,7e-06,-7e-06,1740.0,60.0,-60.0,1506.5,,,0.47,0.1,-0.1,1.49,0.07,-0.07,-0.1,0.08,-0.08,6900.0,1.91,0.16
WASP-173 A b,WASP-173 A,1.0,1.2,0.06,-0.06,1.38665318,2.7e-07,-2.7e-07,1880.0,55.0,-55.0,1920.0,290.0,-170.0,3.69,0.18,-0.18,1.05,0.08,-0.08,0.16,0.14,-0.14,5800.0,1.11,2.84
WASP-174 b,WASP-174,1.0,1.437,0.05,-0.05,4.2337005,1.8e-06,-1.8e-06,1528.0,17.0,-17.0,901.9,40.3,-38.6,0.33,0.091,-0.091,1.24,0.038,-0.038,0.06,0.06,-0.06,6399.0,1.347,0.135
WASP-175 b,WASP-175,1.0,1.208,0.081,-0.081,3.0652907,1.1e-06,-1.6e-06,1571.0,49.0,-49.0,649.429,,,0.99,0.13,-0.13,1.212,0.045,-0.045,0.15,0.069,-0.069,6229.0,1.204,0.74
WASP-176 b,WASP-176,1.0,1.505,0.05,-0.045,3.899052,5e-06,-5e-06,1721.0,28.0,-21.0,1703.2413,,,0.855,0.072,-0.069,1.345,0.08,-0.13,0.164,0.081,-0.082,5941.0,1.925,0.31
WASP-177 b,WASP-177,1.0,1.58,0.66,-0.36,3.071722,1e-06,-1e-06,1142.0,32.0,-32.0,279.7736,,,0.508,0.038,-0.038,0.876,0.038,-0.038,0.25,0.04,-0.04,5017.0,0.885,0.172
WASP-178 b,WASP-178,1.0,1.81,0.09,-0.09,3.3448285,1.2e-06,-1.2e-06,2470.0,60.0,-60.0,5550.0,1250.0,-630.0,1.66,0.12,-0.12,2.07,0.11,-0.11,0.21,0.16,-0.16,9360.0,1.67,0.37
WASP-18 b,WASP-18,1.0,1.24,0.079,-0.079,0.94145223,2.4e-07,-2.4e-07,2429.0,77.0,-70.0,5805.0,808.0,-639.0,10.2,0.35,-0.35,1.294,0.063,-0.061,0.107,0.08,-0.08,6432.0,1.319,6.6
WASP-180 A b,WASP-180 A,1.0,1.24,0.04,-0.04,3.409264,1e-06,-1e-06,1540.0,40.0,-40.0,918.3877,,,0.9,0.1,-0.1,1.3,0.1,-0.1,0.1,0.2,-0.2,6600.0,1.19,0.61
WASP-183 b,WASP-183,1.0,1.47,0.94,-0.33,4.1117771,5.1e-06,-5.1e-06,1111.0,30.0,-30.0,268.7176,,,0.502,0.047,-0.047,0.784,0.038,-0.038,-0.31,0.04,-0.04,5313.0,0.871,0.21
WASP-184 b,WASP-184,1.0,1.33,0.09,-0.09,5.1817,1e-05,-1e-05,1480.0,50.0,-50.0,669.018,,,0.57,0.1,-0.1,1.23,0.07,-0.07,0.12,0.08,-0.08,6000.0,1.65,0.32
WASP-185 b,WASP-185,1.0,1.25,0.08,-0.08,9.38755,2e-05,-2e-05,1160.0,35.0,-35.0,662.3252,,,0.98,0.06,-0.06,1.12,0.06,-0.06,-0.02,0.06,-0.06,5900.0,1.5,0.66
WASP-186 b,WASP-186,1.0,1.11,0.03,-0.03,5.026799,1.2e-05,-1.4e-05,1378.4,,,853.1355,,,4.22,0.18,-0.18,1.22,0.07,-0.08,-0.08,0.14,-0.14,6361.0,1.47,3.821
WASP-187 b,WASP-187,1.0,1.64,0.05,-0.05,5.147878,5e-06,-9e-06,1760.0,,,1594.76,,,0.8,0.09,-0.09,1.54,0.09,-0.09,0.0,0.11,-0.11,6150.0,2.83,0.224
WASP-188 b,WASP-188,1.0,1.322,0.051,-0.051,5.748916,3e-06,-3e-06,1666.0,70.0,-70.0,1278.0,165.0,-165.0,1.443,0.296,-0.298,1.5,0.09,-0.09,0.0,0.3,-0.3,6850.0,1.83,0.78
WASP-19 b,WASP-19,1.0,1.415,0.044,-0.048,0.78883852,7.5e-07,-8.2e-07,2113.0,29.0,-29.0,3320.0,190.0,-180.0,1.154,0.078,-0.08,0.965,0.091,-0.095,0.04,0.25,-0.3,5616.0,1.006,0.506
WASP-190 b,WASP-190,1.0,1.15,0.09,-0.09,5.367753,4e-06,-4e-06,1500.0,50.0,-50.0,747.132,,,1.0,0.1,-0.1,1.35,0.05,-0.05,-0.02,0.05,-0.05,6400.0,1.6,0.815
WASP-192 b,WASP-192,1.0,1.23,0.08,-0.08,2.8786765,2.8e-06,-2.8e-06,1620.0,60.0,-60.0,471.142,,,2.3,0.16,-0.16,1.09,0.06,-0.06,0.14,0.08,-0.08,5910.0,1.32,1.62
WASP-194 b,WASP-194,1.0,1.381,0.088,-0.088,3.183387,4e-07,-5e-07,1693.0,122.0,-122.0,1365.0,303.0,-303.0,1.174,0.265,-0.265,1.29,0.08,-0.08,0.0,0.25,-0.25,6405.0,1.409,0.55
WASP-197 b,WASP-197,1.0,1.289,0.049,-0.049,5.167228,3e-06,-3e-06,1665.0,67.0,-67.0,1276.0,157.0,-157.0,1.269,0.254,-0.254,1.36,0.08,-0.08,0.0,0.3,-0.3,6050.0,2.112,0.74
WASP-2 b,WASP-2,1.0,1.081,0.041,-0.04,2.152175,1.2e-05,-1.1e-05,1311.0,52.0,-50.0,492.0,80.0,-71.0,0.931,0.06,-0.058,0.895,0.077,-0.072,0.12,0.21,-0.19,5180.0,0.866,0.914
WASP-20 b,WASP-20,1.0,1.38,0.04,-0.04,4.89964477,5.1e-07,-5.1e-07,1362.0,26.0,-26.0,259.864,,,0.311,0.017,-0.017,1.2,0.041,-0.041,-0.008,0.06,-0.06,5940.0,1.242,0.156491
WASP-21 b,WASP-21,1.0,1.07,0.06,-0.06,4.322482,1.9e-05,-2.4e-05,1333.0,28.0,-28.0,705.0438,,,0.3,0.011,-0.011,1.01,0.03,-0.03,-0.22,0.04,-0.04,5800.0,1.06,0.32
WASP-22 b,WASP-22,1.0,1.23,0.14,-0.14,3.53269,1e-05,-1e-05,1502.0,20.0,-20.0,837.7034,,,0.67,0.19,-0.19,1.46,0.63,-0.63,-0.05,,,6000.0,1.24,0.444
WASP-23 b,WASP-23,1.0,0.962,0.047,-0.056,2.9444256,1.1e-06,-1.3e-06,1076.55,,,317.4314,,,0.884,0.088,-0.099,0.78,0.13,-0.12,-0.05,0.13,-0.13,5150.0,0.765,1.17
WASP-24 b,WASP-24,1.0,1.38,0.16,-0.16,2.34121,2e-06,-2e-06,1772.0,29.0,-29.0,934.465,,,1.24,0.29,-0.29,1.43,0.5,-0.5,0.0,,,6075.0,1.42,0.622
WASP-25 b,WASP-25,1.0,1.232,0.014,-0.017,3.7648337,1.2e-06,-1.2e-06,1217.0,101.0,-101.0,341.0,68.0,-68.0,0.564,0.026,-0.025,0.962,0.027,-0.021,-0.2,0.05,-0.05,5697.0,0.884,0.399185
WASP-26 b,WASP-26,1.0,1.21,0.15,-0.15,2.7566,1e-05,-1e-05,1650.0,24.0,-24.0,1225.5264,,,0.85,0.23,-0.23,0.86,0.34,-0.34,0.16,,,6034.0,1.22,0.703
WASP-3 b,WASP-3,1.0,1.42,0.17,-0.17,1.84683,2e-06,-2e-06,2020.0,35.0,-35.0,1845.3,,,2.43,0.53,-0.53,1.62,0.53,-0.53,0.0,,,6400.0,1.44,0.89
WASP-31 b,WASP-31,1.0,1.549,0.05,-0.05,3.4059096,5e-06,-5e-06,1423.7,,,970.9417,,,0.478,0.029,-0.029,1.163,0.026,-0.026,-0.2,0.09,-0.09,6302.0,1.252,0.172
WASP-32 b,WASP-32,1.0,0.96,0.15,-0.15,2.71866,2e-06,-2e-06,1388.0,,,616.33,,,2.63,0.82,-0.82,0.72,0.34,-0.34,-0.13,,,6140.0,0.95,3.24
WASP-33 b,WASP-33,1.0,1.593,0.074,-0.074,1.21987,1e-06,-1e-06,2781.7,41.1,-41.1,9392.0471,,,2.093,0.139,-0.139,1.495,0.031,-0.031,0.1,,,7430.0,1.444,0.689
WASP-34 b,WASP-34,1.0,1.0,0.08,-0.08,4.31768,5e-06,-5e-06,1250.0,30.0,-30.0,229.962,,,0.56,0.17,-0.17,0.96,0.45,-0.45,-0.02,,,5700.0,0.91,0.412
WASP-35 b,WASP-35,1.0,1.3,0.07,-0.07,3.16158,2e-06,-2e-06,1338.29,,,758.1026,,,0.71,0.1,-0.1,1.05,0.19,-0.19,-0.15,,,5990.0,1.08,0.378
WASP-36 b,WASP-36,1.0,1.327,0.021,-0.021,1.53736596,2.4e-07,-2.4e-07,1733.0,19.0,-19.0,1422.6075,,,2.361,0.07,-0.07,1.081,0.034,-0.034,-0.26,0.1,-0.1,5959.0,0.985,1.26
WASP-37 b,WASP-37,1.0,1.16,0.07,-0.06,3.577469,1.1e-05,-1.1e-05,1232.5,,,545.3338,,,1.8,0.17,-0.17,0.925,0.12,-0.12,-0.4,0.12,-0.12,5800.0,1.003,1.53
WASP-41 b,WASP-41,1.0,1.1,0.05,-0.05,3.0524,1e-06,-1e-06,1244.0,10.0,-10.0,344.149,,,0.85,0.11,-0.11,0.81,0.15,-0.15,0.06,,,5545.0,0.83,0.742
WASP-42 b,WASP-42,1.0,1.122,0.039,-0.039,4.9816819,1.1e-06,-1.1e-06,1021.0,19.0,-19.0,137.118,,,0.527,0.028,-0.028,0.951,0.063,-0.063,0.29,0.05,-0.05,5315.0,0.892,0.464
WASP-43 b,WASP-43,1.0,0.93,0.07,-0.09,0.813475,1e-06,-1e-06,1426.7,8.5,-8.5,680.8953,,,1.78,0.1,-0.1,0.58,0.05,-0.05,-0.05,0.17,-0.17,4400.0,0.6,2.939
WASP-44 b,WASP-44,1.0,1.1,0.081,-0.076,2.423804,8e-06,-8e-06,1337.0,43.0,-42.0,533.0,72.0,-64.0,0.87,0.063,-0.062,0.935,0.054,-0.052,-0.003,0.1,-0.1,5420.0,0.906,0.811
WASP-45 b,WASP-45,1.0,0.946,0.058,-0.051,3.126089,3e-06,-3e-06,1153.0,50.0,-50.0,294.0,54.0,-48.0,0.964,0.058,-0.056,0.85,0.076,-0.07,-0.03,0.2,-0.2,5150.0,0.855,1.418
WASP-46 b,WASP-46,1.0,1.174,0.037,-0.037,1.43036763,9.3e-07,-9.3e-07,1636.0,44.0,-44.0,1281.2408,,,1.91,0.13,-0.13,0.828,0.076,-0.076,-0.3,,,5600.0,0.858,1.467
WASP-47 b,WASP-47,1.0,1.14729433,0.00892142,-0.00892142,4.159151,4e-07,-4e-07,1275.0,23.0,-23.0,409.0,50.0,-46.0,1.1767356,0.05348798,-0.05034163,1.058,0.047,-0.047,0.43,0.04,-0.04,5565.0,1.156,0.993
WASP-48 b,WASP-48,1.0,1.5,0.2,-0.2,2.14363,3e-06,-3e-06,2035.0,52.0,-52.0,3410.2601,,,0.8,0.23,-0.23,0.88,0.36,-0.36,-0.12,,,5920.0,1.58,0.415
WASP-49 b,WASP-49,1.0,1.11,0.11,-0.11,2.78174,6e-06,-6e-06,1400.0,80.0,-80.0,615.4709,,,0.37,0.08,-0.08,0.92,0.3,-0.3,-0.23,,,5600.0,0.97,0.288
WASP-5 b,WASP-5,1.0,1.087,0.068,-0.071,1.6284279,2.2e-06,-4.9e-06,1706.0,52.0,-48.0,1559.4762,,,1.58,0.13,-0.1,0.96,0.13,-0.09,0.09,0.09,-0.09,5700.0,1.029,1.64
WASP-52 b,WASP-52,1.0,1.27,0.03,-0.03,1.7497798,1.2e-06,-1.2e-06,1315.0,35.0,-35.0,605.7625,,,0.46,0.02,-0.02,0.87,0.03,-0.03,0.03,0.12,-0.12,5000.0,0.79,0.29
WASP-53 b,WASP-53,1.0,1.074,0.037,-0.037,3.3098443,2e-06,-2e-06,1053.0,16.0,-16.0,241.6656,,,2.132,0.092,-0.094,0.839,0.054,-0.054,0.22,0.11,-0.11,4953.0,0.798,2.28
WASP-54 b,WASP-54,1.0,1.58,0.17,-0.17,3.69364,6e-06,-6e-06,1759.0,46.0,-46.0,1639.1072,,,0.59,0.14,-0.14,1.08,0.38,-0.38,-0.27,,,6100.0,1.76,0.167
WASP-55 b,WASP-55,1.0,1.314,0.021,-0.025,4.465631,1.3e-06,-1.3e-06,1342.0,111.0,-110.0,504.0,96.0,-93.0,0.586,0.033,-0.032,1.071,0.025,-0.025,-0.03,0.04,-0.04,6096.0,1.09,0.342159
WASP-56 b,WASP-56,1.0,0.94,0.09,-0.09,4.6171,3e-06,-3e-06,1216.0,25.0,-24.0,447.82,,,0.45,0.09,-0.09,0.71,0.21,-0.21,0.12,,,5600.0,0.96,0.583
WASP-57 b,WASP-57,1.0,1.05,0.053,-0.053,2.83891856,8.1e-07,-8.1e-07,1338.0,29.0,-29.0,702.385,,,0.644,0.062,-0.062,0.886,0.067,-0.067,-0.25,0.1,-0.1,5600.0,0.927,0.693
WASP-58 b,WASP-58,1.0,1.43,0.14,-0.14,5.01718,1.1e-05,-1.1e-05,1270.0,80.0,-80.0,404.7112,,,0.97,0.28,-0.28,1.06,0.47,-0.47,-0.45,,,5800.0,1.22,0.45
WASP-59 b,WASP-59,1.0,0.775,0.068,-0.068,7.919585,1e-05,-1e-05,670.0,35.0,-35.0,38.0328,,,0.863,0.045,-0.045,0.719,0.035,-0.035,-0.15,0.11,-0.11,4650.0,0.613,2.4
WASP-6 b,WASP-6,1.0,1.119,0.017,-0.018,3.3610026,6.1e-07,-6.3e-06,1167.0,96.0,-96.0,288.0,47.0,-45.0,0.467,0.024,-0.023,0.854,0.027,-0.023,-0.15,0.05,-0.05,5438.0,0.79,0.440298
WASP-60 b,WASP-60,1.0,0.88,0.12,-0.12,4.305,6e-06,-6e-06,1479.0,35.0,-35.0,925.4935,,,0.55,0.19,-0.19,1.19,0.61,-0.61,-0.04,,,5900.0,1.17,0.378
WASP-61 b,WASP-61,1.0,1.41,0.22,-0.22,3.8559,3e-06,-3e-06,1624.4,21.2,-14.6,1062.0298,,,2.68,0.84,-0.84,1.82,0.85,-0.85,-0.1,,,6250.0,1.55,1.423
WASP-62 b,WASP-62,1.0,1.32,0.08,-0.08,4.41195,3e-06,-3e-06,1475.3,25.1,-20.0,653.252,,,0.52,0.08,-0.08,1.11,0.25,-0.25,0.04,,,6230.0,1.23,0.262
WASP-63 b,WASP-63,1.0,1.41,0.14,-0.14,4.37808,6e-06,-6e-06,1469.91,,,1103.2708,,,0.37,0.09,-0.09,1.28,0.42,-0.42,0.08,,,5550.0,1.86,0.173
WASP-64 b,WASP-64,1.0,1.271,0.039,-0.039,1.5732918,1.5e-06,-1.5e-06,1689.0,49.0,-49.0,1563.6374,,,1.271,0.068,-0.068,1.004,0.028,-0.028,-0.08,0.11,-0.11,5400.0,1.058,0.823
WASP-65 b,WASP-65,1.0,1.112,0.059,-0.059,2.3114243,1.5e-06,-1.5e-06,1480.0,10.0,-10.0,957.0053,,,1.55,0.16,-0.16,0.93,0.14,-0.14,-0.07,0.07,-0.07,5600.0,1.01,1.5
WASP-66 b,WASP-66,1.0,1.4,0.28,-0.28,4.08605,7e-06,-7e-06,1569.7,,,1434.7739,,,2.35,0.98,-0.98,1.33,0.83,-0.83,-0.31,,,6600.0,1.76,1.144
WASP-67 b,WASP-67,1.0,1.15,0.11,-0.11,4.61442,1e-05,-1e-05,1003.0,20.0,-20.0,188.1062,,,0.43,0.09,-0.09,0.91,0.28,-0.28,-0.07,,,5200.0,0.88,0.388
WASP-68 b,WASP-68,1.0,1.32,0.14,-0.14,5.0843,1.5e-05,-1.5e-05,1490.0,44.0,-29.0,843.4794,,,1.08,0.25,-0.25,1.49,0.53,-0.53,0.22,,,5910.0,1.79,0.665
WASP-7 b,WASP-7,1.0,1.33,0.093,-0.093,4.9546416,3.5e-06,-3.5e-06,1487.0,48.0,-48.0,612.686,,,0.96,0.13,-0.13,1.276,0.065,-0.065,0.0,0.1,-0.1,6400.0,1.432,0.55
WASP-70 A b,WASP-70 A,1.0,1.164,0.073,-0.102,3.7130203,4.7e-06,-4.7e-06,1387.0,40.0,-40.0,649.1548,,,0.59,0.022,-0.022,1.106,0.042,-0.042,-0.006,0.063,-0.063,5763.0,1.215,0.499
WASP-71 b,WASP-71,1.0,1.18,0.12,-0.12,2.90367,7e-06,-7e-06,2016.1,67.0,-52.5,3384.6097,,,1.39,0.33,-0.33,0.76,0.27,-0.27,0.15,,,6050.0,1.82,1.1
WASP-72 b,WASP-72,1.0,1.29,0.18,-0.18,2.21673,2e-06,-2e-06,2210.0,120.0,-130.0,6233.7915,,,2.3,0.7,-0.7,2.78,1.28,-1.28,-0.06,,,6250.0,2.18,0.87
WASP-73 b,WASP-73,1.0,1.42,0.22,-0.22,4.08722,0.00022,-0.00022,1790.0,75.0,-51.0,2242.3605,,,2.86,0.92,-0.92,2.52,1.22,-1.22,0.14,,,6030.0,2.55,1.596
WASP-74 b,WASP-74,1.0,1.36,0.1,-0.1,2.13775,1e-06,-1e-06,1865.0,20.0,-20.0,531.159,,,0.72,0.12,-0.12,0.98,0.24,-0.24,0.39,,,5990.0,1.42,0.3697
WASP-75 b,WASP-75,1.0,1.27,0.048,-0.048,2.484193,3e-06,-3e-06,1710.0,20.0,-20.0,1657.0,347.0,-347.0,1.07,0.05,-0.05,1.14,0.07,-0.07,0.07,0.09,-0.09,6100.0,1.26,0.69
WASP-76 b,WASP-76,1.0,1.854,0.077,-0.076,1.80988198,6.4e-07,-5.6e-07,2228.0,122.0,-122.0,4104.0,896.0,-896.0,0.894,0.014,-0.013,1.458,0.021,-0.021,0.366,0.053,-0.053,6329.0,1.756,0.17
WASP-77 A b,WASP-77 A,1.0,1.21,0.02,-0.02,1.360029395,5.7e-08,-5.7e-08,1674.0,24.0,-24.0,1440.0,90.0,-80.0,1.6654,0.00045,-0.00045,0.903,0.066,-0.059,-0.1,0.1,-0.11,5617.0,0.91,1.33
WASP-78 b,WASP-78,1.0,1.93,0.45,-0.45,2.17518,5e-06,-5e-06,2469.7,53.8,-55.9,4812.6238,,,1.11,0.54,-0.54,1.87,1.36,-1.36,-0.35,,,6100.0,2.46,0.131
WASP-79 b,WASP-79,1.0,1.53,0.04,-0.04,3.662392,4e-06,-4e-06,1716.2,25.8,-24.4,1645.9887,,,0.85,0.08,-0.08,1.39,0.06,-0.06,0.03,0.1,-0.1,6600.0,1.51,0.13
WASP-8 b,WASP-8,1.0,1.13,0.05,-0.05,8.15872,1.5e-05,-1.5e-05,1059.0,,,209.118,,,2.54,0.33,-0.33,1.34,0.26,-0.26,0.17,,,5600.0,1.03,2.1
WASP-80 b,WASP-80,1.0,0.999,0.03,-0.031,3.06785234,8.3e-07,-7.9e-07,825.0,19.0,-19.0,72.442,,,0.538,0.035,-0.036,0.577,0.051,-0.054,-0.13,0.15,-0.17,4143.0,0.586,0.717
WASP-81 b,WASP-81,1.0,1.429,0.051,-0.046,2.7164762,2.3e-06,-2.3e-06,1623.0,38.0,-37.0,1034.0911,,,0.729,0.036,-0.035,1.08,0.059,-0.058,-0.36,0.14,-0.14,5870.0,1.283,0.332
WASP-82 b,WASP-82,1.0,1.62,0.13,-0.13,2.70579,2e-06,-2e-06,2190.0,40.0,-40.0,3557.29,,,1.17,0.2,-0.2,1.48,0.37,-0.37,0.12,,,6480.0,2.1,0.354
WASP-83 b,WASP-83,1.0,1.04,0.08,-0.05,4.971252,1.5e-05,-1.5e-05,1120.0,30.0,-30.0,238.875,,,0.3,0.03,-0.03,1.11,0.09,-0.09,0.29,0.12,-0.12,5510.0,1.05,0.35
WASP-84 b,WASP-84,1.0,0.956,0.024,-0.024,8.52349648,6e-07,-6e-07,732.0,12.0,-12.0,34.6952,,,0.692,0.058,-0.058,0.853,0.038,-0.038,0.0,0.1,-0.1,5280.0,0.768,0.98
WASP-88 b,WASP-88,1.0,1.46,0.21,-0.21,4.954,1.9e-05,-1.9e-05,1772.0,54.0,-45.0,1489.5543,,,0.42,0.14,-0.14,0.94,0.42,-0.42,-0.08,,,6430.0,1.8,0.141
WASP-89 b,WASP-89,1.0,1.04,0.04,-0.04,3.3564227,2.5e-06,-2.5e-06,1120.0,20.0,-20.0,278.8533,,,5.9,0.4,-0.4,0.92,0.08,-0.08,0.15,0.14,-0.14,5130.0,0.88,7.0
WASP-90 b,WASP-90,1.0,1.63,0.09,-0.09,3.916243,3e-06,-3e-06,1840.0,50.0,-50.0,1704.4939,,,0.63,0.07,-0.07,1.55,0.1,-0.1,0.11,0.14,-0.14,6430.0,1.98,0.193
WASP-91 b,WASP-91,1.0,1.03,0.04,-0.04,2.798581,3e-06,-3e-06,1160.0,30.0,-30.0,332.5562,,,1.34,0.08,-0.08,0.84,0.07,-0.07,0.19,0.13,-0.13,4920.0,0.86,1.59
WASP-92 b,WASP-92,1.0,1.461,0.077,-0.077,2.1746742,1.6e-06,-1.6e-06,1871.0,56.0,-56.0,1622.2528,,,0.805,0.068,-0.068,1.19,0.037,-0.037,0.0,0.14,-0.14,6280.0,1.341,0.346
WASP-93 b,WASP-93,1.0,1.597,0.077,-0.077,2.7325321,2e-06,-2e-06,1942.0,38.0,-38.0,2531.1336,,,1.47,0.29,-0.29,1.334,0.033,-0.033,0.07,0.17,-0.17,6700.0,1.524,0.479
WASP-94 A b,WASP-94 A,1.0,1.58,0.13,-0.13,3.95019,4e-06,-4e-06,1604.0,25.0,-22.0,1009.38,,,0.5,0.13,-0.13,1.67,0.64,-0.64,0.26,,,6170.0,1.48,0.118
WASP-95 b,WASP-95,1.0,1.23,0.09,-0.09,2.18467,1e-06,-1e-06,1570.0,50.0,-50.0,1362.1381,,,1.44,0.28,-0.28,1.46,0.42,-0.42,0.14,,,5830.0,1.23,0.84
WASP-96 b,WASP-96,1.0,1.2,0.06,-0.06,3.4252602,2.7e-06,-2.7e-06,1285.0,40.0,-40.0,517.0,127.0,-128.0,0.48,0.03,-0.03,1.06,0.09,-0.09,0.14,0.19,-0.19,5540.0,1.05,0.37
WASP-97 b,WASP-97,1.0,1.14,0.06,-0.06,2.07276,1e-06,-1e-06,1555.0,40.0,-40.0,1414.87,,,1.36,0.19,-0.19,1.18,0.24,-0.24,0.23,,,5640.0,1.08,1.21
WASP-98 b,WASP-98,1.0,1.144,0.034,-0.034,2.96264036,4.3e-07,-4.3e-07,1171.0,26.0,-26.0,269.8828,,,0.922,0.08,-0.08,0.809,0.064,-0.064,-0.49,0.1,-0.1,5473.0,0.741,0.764
WASP-99 b,WASP-99,1.0,1.02,0.06,-0.06,5.75251,4e-05,-4e-05,1480.0,40.0,-40.0,828.8268,,,2.43,0.37,-0.37,1.21,0.28,-0.28,0.21,,,6150.0,1.64,2.79
WTS-2 b,WTS-2,1.0,1.363,0.061,-0.061,1.0187068,6.5e-07,-6.5e-07,2000.0,100.0,-100.0,2544.6509,,,1.12,0.16,-0.16,0.82,0.082,-0.082,0.2,0.3,-0.2,5000.0,0.752,0.54
XO-1 b,XO-1,1.0,1.14,0.07,-0.07,3.94153,2.7e-05,-2.7e-05,1210.0,16.0,-16.0,321.85,,,0.83,0.13,-0.13,0.88,0.19,-0.19,0.02,,,5750.0,0.88,0.64
XO-4 b,XO-4,1.0,1.25,0.08,-0.08,4.12508,4e-06,-4e-06,1630.0,169.0,-36.0,1112.27,,,1.42,0.19,-0.19,1.1,0.22,-0.22,-0.04,,,6397.0,1.45,0.83
XO-5 b,XO-5,1.0,1.14,0.03,-0.03,4.1877558,6e-07,-6e-07,1230.0,20.0,-20.0,397.4799,,,1.19,0.03,-0.03,1.04,0.03,-0.03,0.05,0.06,-0.06,5430.0,1.13,1.06
XO-6 b,XO-6,1.0,2.07,0.22,-0.22,3.7650007,8.1e-06,-8.1e-06,1577.0,28.0,-28.0,580.386,,,4.4,,,1.47,0.06,-0.06,-0.07,0.1,-0.1,6720.0,1.93,0.62
XO-7 b,XO-7,1.0,1.373,0.026,-0.026,2.8641424,4.3e-06,-4.3e-06,1743.0,23.0,-23.0,1540.0,81.0,-81.0,0.709,0.034,-0.034,1.405,0.059,-0.059,0.432,0.057,-0.057,6250.0,1.48,0.34
